replicon_name,gtdb_phylum,gtdb_class,gtdb_order,gtdb_family,gtdb_genus,gtdb_species
CP002989.1,p__Halobacteriota,c__Halobacteria,o__Halobacteriales,f__Haloferacaceae,g__Halolamina,s__Halolamina sp000224475
CP007061.1,p__Halobacteriota,c__Halobacteria,o__Halobacteriales,f__Halobacteriaceae,g__Halobacterium,s__Halobacterium sp000230955
CP031298.1,p__Halobacteriota,c__Halobacteria,o__Halobacteriales,f__Natrialbaceae,g__Natrinema,s__Natrinema thermotolerans
CP040680.1,p__Halobacteriota,c__Halobacteria,o__Halobacteriales,f__QS-9-68-17,g__Halostella,s__Halostella pelagica
CP046867.1,p__Halobacteriota,c__Halobacteria,o__Halobacteriales,f__Haloarculaceae,g__Salinibaculum,s__Salinibaculum litoreum
CP050016.1,p__Halobacteriota,c__Halobacteria,o__Halobacteriales,f__Haloarculaceae,g__Halomicroarcula,s__Halomicroarcula pellucida
CP050017.1,p__Halobacteriota,c__Halobacteria,o__Halobacteriales,f__Haloarculaceae,g__Halomicroarcula,s__Halomicroarcula pellucida
CP119561.1,p__Halobacteriota,c__Halobacteria,o__Halobacteriales,f__Haloarculaceae,g__,s__[Genus] [species 0002]
CP119562.1,p__Halobacteriota,c__Halobacteria,o__Halobacteriales,f__Haloarculaceae,g__,s__[Genus] [species 0002]
CP119781.1,p__Halobacteriota,c__Halobacteria,o__Halobacteriales,f__Haloarculaceae,g__Halomicroarcula,s__Halomicroarcula [species 0007]
CP119793.1,p__Halobacteriota,c__Halobacteria,o__Halobacteriales,f__,g__,s__[Genus] [species 0001]
CP119808.1,p__Halobacteriota,c__Halobacteria,o__Halobacteriales,f__Haladaptataceae,g__Halorussus,s__Halorussus [species 0012]
CP126163.1,p__Halobacteriota,c__Halobacteria,o__Halobacteriales,f__Haloarculaceae,g__,s__[Genus] [species 0003]
NC_002608.1,p__Halobacteriota,c__Halobacteria,o__Halobacteriales,f__Halobacteriaceae,g__Halobacterium,s__Halobacterium salinarum
NC_004852.1,p__Thermoproteota,c__Thermoprotei_A,o__Sulfolobales,f__Sulfolobaceae,g__Saccharolobus,s__Saccharolobus islandicus
NC_006393.1,p__Halobacteriota,c__Halobacteria,o__Halobacteriales,f__Haloarculaceae,g__Haloarcula,s__Haloarcula marismortui
NC_006394.1,p__Halobacteriota,c__Halobacteria,o__Halobacteriales,f__Haloarculaceae,g__Haloarcula,s__Haloarcula marismortui
NC_006422.1,p__Thermoproteota,c__Thermoprotei_A,o__Sulfolobales,f__Sulfolobaceae,g__Saccharolobus,s__Saccharolobus islandicus
NC_006423.1,p__Thermoproteota,c__Thermoprotei_A,o__Sulfolobales,f__Sulfolobaceae,g__Saccharolobus,s__Saccharolobus islandicus
NC_006424.1,p__Thermoproteota,c__Thermoprotei_A,o__Sulfolobales,f__Sulfolobaceae,g__Saccharolobus,s__Saccharolobus islandicus
NC_006425.1,p__Thermoproteota,c__Thermoprotei_A,o__Sulfolobales,f__Sulfolobaceae,g__Saccharolobus,s__Saccharolobus islandicus
NC_010597.1,p__Thermoproteota,c__Thermoprotei_A,o__Sulfolobales,f__Sulfolobaceae,g__Saccharolobus,s__Saccharolobus islandicus
NC_010598.1,p__Thermoproteota,c__Thermoprotei_A,o__Sulfolobales,f__Sulfolobaceae,g__Saccharolobus,s__Saccharolobus islandicus
NC_012624.1,p__Thermoproteota,c__Thermoprotei_A,o__Sulfolobales,f__Sulfolobaceae,g__Saccharolobus,s__Saccharolobus islandicus
NC_013746.1,p__Halobacteriota,c__Halobacteria,o__Halobacteriales,f__Natrialbaceae,g__Haloterrigena,s__Haloterrigena turkmenica
NC_013968.1,p__Halobacteriota,c__Halobacteria,o__Halobacteriales,f__Haloferacaceae,g__Haloferax,s__Haloferax volcanii
NC_014299.1,p__Halobacteriota,c__Halobacteria,o__Halobacteriales,f__Halalkalicoccaceae,g__Halalkalicoccus,s__Halalkalicoccus jeotgali
NC_014300.1,p__Halobacteriota,c__Halobacteria,o__Halobacteriales,f__Halalkalicoccaceae,g__Halalkalicoccus,s__Halalkalicoccus jeotgali
NC_015667.1,p__Halobacteriota,c__Halobacteria,o__Halobacteriales,f__Natrialbaceae,g__Halopiger,s__Halopiger xanaduensis
NC_019963.1,p__Halobacteriota,c__Halobacteria,o__Halobacteriales,f__Natrialbaceae,g__Natrinema,s__Natrinema pellirubrum
NC_021914.1,p__Thermoproteota,c__Thermoprotei_A,o__Sulfolobales,f__Sulfolobaceae,g__Saccharolobus,s__Saccharolobus solfataricus
NC_023011.1,p__Halobacteriota,c__Halobacteria,o__Halobacteriales,f__Haloarculaceae,g__Haloarcula,s__Haloarcula hispanica
NZ_AP017570.1,p__Halobacteriota,c__Halobacteria,o__Halobacteriales,f__Haloferacaceae,g__Halorubrum,s__Halorubrum trapanicum_A
NZ_AP017571.1,p__Halobacteriota,c__Halobacteria,o__Halobacteriales,f__Haloferacaceae,g__Halorubrum,s__Halorubrum trapanicum_A
NZ_CP008875.1,p__Halobacteriota,c__Halobacteria,o__Halobacteriales,f__Halobacteriaceae,g__Halanaeroarchaeum,s__Halanaeroarchaeum sulfurireducens
NZ_CP010532.1,p__Halobacteriota,c__Halobacteria,o__Halobacteriales,f__Haloarculaceae,g__Haloarcula,s__Haloarcula hispanica
NZ_CP010533.1,p__Halobacteriota,c__Halobacteria,o__Halobacteriales,f__Haloarculaceae,g__Haloarcula,s__Haloarcula hispanica
NZ_CP011565.1,p__Halobacteriota,c__Halobacteria,o__Halobacteriales,f__Halobacteriaceae,g__Halanaeroarchaeum,s__Halanaeroarchaeum sulfurireducens
NZ_CP019068.1,p__Halobacteriota,c__Halobacteria,o__Halobacteriales,f__Haloarculaceae,g__Halorientalis,s__Halorientalis sp001989615
NZ_CP019156.1,p__Halobacteriota,c__Halobacteria,o__Halobacteriales,f__Haloarculaceae,g__Haloarcula,s__Haloarcula taiwanensis
NZ_CP019286.1,p__Halobacteriota,c__Halobacteria,o__Halobacteriales,f__Natrialbaceae,g__Halobiforma,s__Halobiforma lacisalsi
NZ_CP024045.1,p__Halobacteriota,c__Halobacteria,o__Halobacteriales,f__Natrialbaceae,g__Natrarchaeobaculum,s__Natrarchaeobaculum sulfurireducens
NZ_CP026312.1,p__Halobacteriota,c__Halobacteria,o__Halobacteriales,f__Haloferacaceae,g__Salinigranum,s__Salinigranum rubrum
NZ_CP026313.1,p__Halobacteriota,c__Halobacteria,o__Halobacteriales,f__Haloferacaceae,g__Salinigranum,s__Salinigranum rubrum
NZ_CP031308.1,p__Halobacteriota,c__Halobacteria,o__Halobacteriales,f__Natrialbaceae,g__Natronorubrum,s__Natronorubrum bangense
NZ_CP031314.1,p__Halobacteriota,c__Halobacteria,o__Halobacteriales,f__Haloferacaceae,g__Halobellus,s__Halobellus limi
NZ_CP034344.1,p__Halobacteriota,c__Halobacteria,o__Halobacteriales,f__Haloferacaceae,g__Haloplanus,s__Haloplanus salinarum
NZ_CP035121.1,p__Halobacteriota,c__Halobacteria,o__Halobacteriales,f__Haladaptataceae,g__Halorussus,s__Halorussus pelagicus
NZ_CP039134.1,p__Halobacteriota,c__Halobacteria,o__Halobacteriales,f__Haloarculaceae,g__Haloarcula,s__Haloarcula marismortui
NZ_CP039135.1,p__Halobacteriota,c__Halobacteria,o__Halobacteriales,f__Haloarculaceae,g__Haloarcula,s__Haloarcula marismortui
NZ_CP040331.1,p__Halobacteriota,c__Halobacteria,o__Halobacteriales,f__Natrialbaceae,g__Natrinema,s__Natrinema versiforme_A
NZ_CP045489.1,p__Halobacteriota,c__Halobacteria,o__Halobacteriales,f__Natrialbaceae,g__Natronorubrum,s__Natronorubrum aibiense
NZ_CP053943.1,p__Halobacteriota,c__Halobacteria,o__Halobacteriales,f__Haloferacaceae,g__Halorubrum,s__Halorubrum salinarum
NZ_CP054586.1,p__Halobacteriota,c__Halobacteria,o__Halobacteriales,f__Haloferacaceae,g__Halorubrum,s__Halorubrum sp003721435
NZ_CP054589.1,p__Halobacteriota,c__Halobacteria,o__Halobacteriales,f__Haloferacaceae,g__Halolamina,s__Halolamina sp002025255
NZ_CP054708.1,p__Halobacteriota,c__Halobacteria,o__Halobacteriales,f__Halobacteriaceae,g__Halarchaeum,s__Halarchaeum grantii
NZ_CP054709.1,p__Halobacteriota,c__Halobacteria,o__Halobacteriales,f__Halobacteriaceae,g__Halarchaeum,s__Halarchaeum grantii
NZ_CP058531.1,p__Halobacteriota,c__Halobacteria,o__Halobacteriales,f__Haloferacaceae,g__Halobaculum,s__Halobaculum halophilum
NZ_CP063206.1,p__Halobacteriota,c__Halobacteria,o__Halobacteriales,f__Haloferacaceae,g__Haloferax,s__Haloferax gibbonsii
NZ_CP063208.1,p__Halobacteriota,c__Halobacteria,o__Halobacteriales,f__Haloferacaceae,g__Haloferax,s__Haloferax gibbonsii
NZ_CP064790.1,p__Halobacteriota,c__Halobacteria,o__Halobacteriales,f__Haloarculaceae,g__Halapricum,s__Halapricum desulfuricans
NZ_CP069189.1,p__Halobacteriota,c__Halobacteria,o__Halobacteriales,f__Natrialbaceae,g__Haloterrigena,s__Haloterrigena salifodinae
NZ_CP069193.1,p__Halobacteriota,c__Halobacteria,o__Halobacteriales,f__Natrialbaceae,g__Haloterrigena,s__Haloterrigena salifodinae
NZ_CP070334.1,p__Halobacteriota,c__Halobacteria,o__Halobacteriales,f__Halobacteriaceae,g__Halobacterium,s__Halobacterium salinarum
NZ_CP070335.2,p__Halobacteriota,c__Halobacteria,o__Halobacteriales,f__Halobacteriaceae,g__Halobacterium,s__Halobacterium salinarum
NZ_CP070375.1,p__Halobacteriota,c__Halobacteria,o__Halobacteriales,f__Halobacteriaceae,g__Halobacterium,s__Halobacterium salinarum
NZ_CP073372.1,p__Halobacteriota,c__Halobacteria,o__Halobacteriales,f__Haloarculaceae,g__Haloarcula,s__Haloarcula marismortui
NZ_CP077714.1,p__Thermoproteota,c__Thermoprotei_A,o__Sulfolobales,f__Sulfolobaceae,g__Saccharolobus,s__Saccharolobus shibatae
NZ_CP077716.1,p__Thermoproteota,c__Thermoprotei_A,o__Sulfolobales,f__Sulfolobaceae,g__Saccharolobus,s__Saccharolobus shibatae
NZ_CP082248.1,p__Halobacteriota,c__Halobacteria,o__Halobacteriales,f__Natrialbaceae,g__Natrinema,s__Natrinema sp019879105
NZ_CP082287.1,p__Halobacteriota,c__Halobacteria,o__Halobacteriales,f__Haloferacaceae,g__Halobaculum,s__Halobaculum roseum
NZ_CP082289.1,p__Halobacteriota,c__Halobacteria,o__Halobacteriales,f__Haloferacaceae,g__Halobaculum,s__Halobaculum roseum
NZ_CP083668.1,p__Halobacteriota,c__Halobacteria,o__Halobacteriales,f__Haloferacaceae,g__Haloprofundus,s__Haloprofundus sp020097835
NZ_CP083669.1,p__Halobacteriota,c__Halobacteria,o__Halobacteriales,f__Haloferacaceae,g__Haloprofundus,s__Haloprofundus sp020097835
NZ_CP084465.1,p__Halobacteriota,c__Halobacteria,o__Halobacteriales,f__Haloarculaceae,g__Halomicrobium,s__Halomicrobium salinisoli
NZ_CP084467.1,p__Halobacteriota,c__Halobacteria,o__Halobacteriales,f__Haloarculaceae,g__Halomicrobium,s__Halomicrobium salinisoli
NZ_CP084468.1,p__Halobacteriota,c__Halobacteria,o__Halobacteriales,f__Haloarculaceae,g__Halomicrobium,s__Halomicrobium salinisoli
NZ_CP084470.1,p__Halobacteriota,c__Halobacteria,o__Halobacteriales,f__Natrialbaceae,g__Natrinema,s__Natrinema salinisoli
NZ_CP084471.1,p__Halobacteriota,c__Halobacteria,o__Halobacteriales,f__Natrialbaceae,g__Natrinema,s__Natrinema salinisoli
NZ_CP084473.1,p__Halobacteriota,c__Halobacteria,o__Halobacteriales,f__Natrialbaceae,g__Natrinema,s__Natrinema sp020405225
NZ_CP084474.1,p__Halobacteriota,c__Halobacteria,o__Halobacteriales,f__Natrialbaceae,g__Natrinema,s__Natrinema sp020405225
NZ_CP084475.1,p__Halobacteriota,c__Halobacteria,o__Halobacteriales,f__Natrialbaceae,g__Natrinema,s__Natrinema sp020405225
NZ_CP084882.1,p__Halobacteriota,c__Halobacteria,o__Halobacteriales,f__Natrialbaceae,g__Natrinema,s__Natrinema sp013456555
NZ_CP084885.1,p__Halobacteriota,c__Halobacteria,o__Halobacteriales,f__Natrialbaceae,g__Natrinema,s__Natrinema sp013456555
NZ_CP085325.1,p__Halobacteriota,c__Halobacteria,o__Halobacteriales,f__Halobacteriaceae,g__Salarchaeum,s__Salarchaeum japonicum
NZ_CP085883.1,p__Halobacteriota,c__Halobacteria,o__Halobacteriales,f__Halobacteriaceae,g__Halobacterium,s__Halobacterium salinarum
NZ_CP087722.1,p__Halobacteriota,c__Halobacteria,o__Halobacteriales,f__Haloferacaceae,g__Halalkaliarchaeum,s__Halalkaliarchaeum sp024972735
NZ_CP089469.1,p__Halobacteriota,c__Halobacteria,o__Halobacteriales,f__Halobacteriaceae,g__Halobacterium,s__Halobacterium noricense
NZ_CP089470.1,p__Halobacteriota,c__Halobacteria,o__Halobacteriales,f__Halobacteriaceae,g__Halobacterium,s__Halobacterium noricense
NZ_CP089595.1,p__Halobacteriota,c__Halobacteria,o__Halobacteriales,f__Halobacteriaceae,g__Halobacterium,s__Halobacterium sp021249405
NZ_CP090373.1,p__Halobacteriota,c__Halobacteria,o__Halobacteriales,f__Haloferacaceae,g__Halobaculum,s__Halobaculum sp021431925
NZ_CP095006.1,p__Halobacteriota,c__Halobacteria,o__Halobacteriales,f__Halococcaceae,g__Halococcus,s__Halococcus morrhuae
NZ_CP095008.1,p__Halobacteriota,c__Halobacteria,o__Halobacteriales,f__Halococcaceae,g__Halococcus,s__Halococcus morrhuae
NZ_CP095009.1,p__Halobacteriota,c__Halobacteria,o__Halobacteriales,f__Halococcaceae,g__Halococcus,s__Halococcus morrhuae
NZ_CP095399.1,p__Halobacteriota,c__Halobacteria,o__Halobacteriales,f__Natrialbaceae,g__Halovarius,s__Halovarius luteus
NZ_CP095484.1,p__Halobacteriota,c__Halobacteria,o__Halobacteriales,f__Haloarculaceae,g__Halorientalis,s__Halorientalis litorea
NZ_CP095485.1,p__Halobacteriota,c__Halobacteria,o__Halobacteriales,f__Haloarculaceae,g__Halorientalis,s__Halorientalis litorea
NZ_CP098517.1,p__Halobacteriota,c__Halobacteria,o__Halobacteriales,f__Haloferacaceae,g__Haloplanus,s__Haloplanus sp023703775
NZ_CP098519.1,p__Halobacteriota,c__Halobacteria,o__Halobacteriales,f__Haloferacaceae,g__Haloplanus,s__Haloplanus sp023703795
NZ_CP100410.1,p__Halobacteriota,c__Halobacteria,o__Halobacteriales,f__Haloarculaceae,g__Halomicroarcula,s__Halomicroarcula sp024218775
NZ_CP100446.1,p__Halobacteriota,c__Halobacteria,o__Halobacteriales,f__Natrialbaceae,g__Natrinema,s__Natrinema sp024227435
NZ_CP100450.1,p__Halobacteriota,c__Halobacteria,o__Halobacteriales,f__Haloarculaceae,g__Halomarina,s__Halomarina sp024227715
NZ_CP100451.1,p__Halobacteriota,c__Halobacteria,o__Halobacteriales,f__Haloarculaceae,g__Halomarina,s__Halomarina sp024227715
NZ_CP100458.1,p__Halobacteriota,c__Halobacteria,o__Halobacteriales,f__Haloarculaceae,g__Halomarina,s__Halomarina sp024228315
NZ_CP101155.1,p__Halobacteriota,c__Halobacteria,o__Halobacteriales,f__Haloarculaceae,g__Natronomonas,s__Natronomonas sp024298905
NZ_CP101324.1,p__Halobacteriota,c__Halobacteria,o__Halobacteriales,f__Haloarculaceae,g__Natronomonas,s__Natronomonas gomsonensis
NZ_CP101826.1,p__Halobacteriota,c__Halobacteria,o__Halobacteriales,f__Haloferacaceae,g__Halobellus,s__Halobellus inordinatus
NZ_CP101874.1,p__Halobacteriota,c__Halobacteria,o__Halobacteriales,f__Natrialbaceae,g__Natrinema,s__Natrinema thermotolerans
NZ_CP104744.1,p__Halobacteriota,c__Halobacteria,o__Halobacteriales,f__Haloferacaceae,g__Haloferax,s__Haloferax volcanii
NZ_CP106967.1,p__Halobacteriota,c__Halobacteria,o__Halobacteriales,f__Haloferacaceae,g__Haloferax,s__Haloferax volcanii
NZ_CP106970.1,p__Halobacteriota,c__Halobacteria,o__Halobacteriales,f__Haloferacaceae,g__Haloferax,s__Haloferax volcanii
NZ_CP111038.1,p__Halobacteriota,c__Halobacteria,o__Halobacteriales,f__Haladaptataceae,g__Haladaptatus,s__Haladaptatus [species 0010]
NZ_CP111039.1,p__Halobacteriota,c__Halobacteria,o__Halobacteriales,f__Haladaptataceae,g__Haladaptatus,s__Haladaptatus [species 0010]
NZ_CP111040.1,p__Halobacteriota,c__Halobacteria,o__Halobacteriales,f__Haladaptataceae,g__Haladaptatus,s__Haladaptatus [species 0010]
NZ_CP119783.1,p__Halobacteriota,c__Halobacteria,o__Halobacteriales,f__,g__,s__[Genus] [species 0001]
NZ_CP119784.1,p__Halobacteriota,c__Halobacteria,o__Halobacteriales,f__,g__,s__[Genus] [species 0001]
NZ_CP119792.1,p__Halobacteriota,c__Halobacteria,o__Halobacteriales,f__,g__,s__[Genus] [species 0001]
NZ_CP119798.1,p__Halobacteriota,c__Halobacteria,o__Halobacteriales,f__Natrialbaceae,g__KZCA124,s__KZCA124 sp017357405
NZ_CP119799.1,p__Halobacteriota,c__Halobacteria,o__Halobacteriales,f__Natrialbaceae,g__KZCA124,s__KZCA124 sp017357405
NZ_CP119806.1,p__Halobacteriota,c__Halobacteria,o__Halobacteriales,f__Haladaptataceae,g__Halorussus,s__Halorussus [species 0012]
NZ_CP119813.1,p__Halobacteriota,c__Halobacteria,o__Halobacteriales,f__Haladaptataceae,g__Halorussus,s__Halorussus [species 0014]
NZ_CP120471.1,p__Halobacteriota,c__Halobacteria,o__Halobacteriales,f__,g__,s__[Genus] [species 0001]
NZ_CP126160.1,p__Halobacteriota,c__Halobacteria,o__Halobacteriales,f__Haloferacaceae,g__Halobaculum,s__Halobaculum [species 0021]
NZ_CP127175.1,p__Halobacteriota,c__Halobacteria,o__Halobacteriales,f__Natrialbaceae,g__,s__[Genus] [species 0013]
NZ_CP127176.1,p__Halobacteriota,c__Halobacteria,o__Halobacteriales,f__Natrialbaceae,g__,s__[Genus] [species 0013]
NZ_CP128378.1,p__Halobacteriota,c__Halobacteria,o__Halobacteriales,f__Halobacteriaceae,g__Halobacterium,s__Halobacterium salinarum
NZ_CP135524.1,p__Halobacteriota,c__Halobacteria,o__Halobacteriales,f__Natrialbaceae,g__KZCA124,s__KZCA124 sp017357405
NZ_CP135525.1,p__Halobacteriota,c__Halobacteria,o__Halobacteriales,f__Natrialbaceae,g__KZCA124,s__KZCA124 sp017357405
NZ_CP135526.1,p__Halobacteriota,c__Halobacteria,o__Halobacteriales,f__Natrialbaceae,g__KZCA124,s__KZCA124 sp017357405
NZ_LN831303.1,p__Halobacteriota,c__Halobacteria,o__Halobacteriales,f__Halobacteriaceae,g__Halobacterium,s__Halobacterium hubeiense
NZ_LN831304.1,p__Halobacteriota,c__Halobacteria,o__Halobacteriales,f__Halobacteriaceae,g__Halobacterium,s__Halobacterium hubeiense
NZ_MN918441.1,p__Halobacteriota,c__Halobacteria,o__Halobacteriales,f__Haloferacaceae,g__Haloprofundus,s__Haloprofundus halophilus
NZ_MN918442.1,p__Halobacteriota,c__Halobacteria,o__Halobacteriales,f__Haloferacaceae,g__Haloprofundus,s__Haloprofundus halophilus
NZ_QJOW01000005.1,p__Halobacteriota,c__Halobacteria,o__Halobacteriales,f__Haloarculaceae,g__Halosegnis,s__Halosegnis rubeus
NZ_QJOW01000006.1,p__Halobacteriota,c__Halobacteria,o__Halobacteriales,f__Haloarculaceae,g__Halosegnis,s__Halosegnis rubeus
