group,COG,description,delta,p_raw,n_plasmids,p_adj,significant
,C,Energy production and conversion,0.6772074832769914,0.08891108891108891,6,0.3093104079019572,False
,D,"Cell cycle control, cell division",-1.134545963178879,0.001998001998001998,6,0.04112554112554113,True
,E,Amino acid transport and metabolism,1.0980859010395914,0.003996003996003996,6,0.05805958747135218,False
,F,Nucleotide transport and metabolism,-0.07619262340959154,0.8261738261738262,6,0.9347724347724347,False
,G,Carbohydrate transport and metabolism,1.0121872764417148,0.016983016983016984,6,0.12337662337662339,False
,H,Coenzyme transport and metabolism,0.6056746191263924,0.04695304695304695,6,0.24200799200799203,False
,I,Lipid transport and metabolism,0.6658747425005329,0.1028971028971029,6,0.3321678321678322,False
,J,"Translation, ribosomal structure and biogenesis",0.2726443328221907,0.45854145854145856,6,0.7078733766233767,False
,K,Transcription,0.3843374136863764,0.33466533466533466,6,0.5990024468285338,False
,L,"Replication, recombination and repair",-0.14882407089557192,0.7422577422577422,6,0.9166883116883117,False
,M,Cell wall/membrane/envelope biogenesis,0.8961731535990676,0.04995004995004995,6,0.24200799200799203,False
,N,Cell motility,-1.7642052313173537,0.000999000999000999,6,0.030844155844155844,True
,O,"Post-translational modification, chaperones",-0.010676162991627533,0.9690309690309691,6,0.9920282969063456,False
,P,Inorganic ion transport and metabolism,0.525641320451816,0.22677322677322678,6,0.5023191094619666,False
,Q,Secondary metabolites,-0.6994386673327811,0.024975024975024976,6,0.16233766233766234,False
,S,Function unknown,-0.35161805769803633,0.21578421578421578,6,0.4845336481700118,False
,T,Signal transduction mechanisms,0.04024341755065981,0.9100899100899101,6,0.9744662117543473,False
,U,"Intracellular trafficking, secretion, vesicular transport",-1.4882906433619887,0.002997002997002997,6,0.04626623376623377,True
,V,Defense mechanisms,-0.5042782403095039,0.22777222777222778,6,0.5023191094619666,False
Haladaptataceae,C,Energy production and conversion,-0.07561815985894348,0.7562437562437563,20,0.9262363252511036,False
Haladaptataceae,D,"Cell cycle control, cell division",-0.12826029526447563,0.42157842157842157,20,0.6674991674991675,False
Haladaptataceae,E,Amino acid transport and metabolism,0.4405336273604317,0.06593406593406594,20,0.27602905569007263,False
Haladaptataceae,F,Nucleotide transport and metabolism,0.00455689304382656,0.98001998001998,20,0.9920282969063456,False
Haladaptataceae,G,Carbohydrate transport and metabolism,0.14836851748063656,0.5224775224775224,20,0.7727661559996888,False
Haladaptataceae,H,Coenzyme transport and metabolism,-0.013440710215851692,0.929070929070929,20,0.9744662117543473,False
Haladaptataceae,I,Lipid transport and metabolism,-0.23571114898480883,0.3176823176823177,20,0.5990024468285338,False
Haladaptataceae,J,"Translation, ribosomal structure and biogenesis",0.35210641895081807,0.1048951048951049,20,0.3321678321678322,False
Haladaptataceae,K,Transcription,0.3318458849467487,0.12187812187812187,20,0.35706646294881594,False
Haladaptataceae,L,"Replication, recombination and repair",-0.0614899355376175,0.8301698301698301,20,0.9347724347724347,False
Haladaptataceae,M,Cell wall/membrane/envelope biogenesis,0.06079499073550409,0.8141858141858141,20,0.9347724347724347,False
Haladaptataceae,N,Cell motility,-0.5248099616898296,0.04895104895104895,20,0.24200799200799203,False
Haladaptataceae,O,"Post-translational modification, chaperones",-0.15722643598577152,0.3836163836163836,20,0.6534706672637707,False
Haladaptataceae,P,Inorganic ion transport and metabolism,-0.1252321932408553,0.6553446553446554,20,0.8845362287985239,False
Haladaptataceae,Q,Secondary metabolites,0.14565310041352814,0.4095904095904096,20,0.6654377880184331,False
Haladaptataceae,S,Function unknown,0.04822218760426322,0.7742257742257742,20,0.928319253561972,False
Haladaptataceae,T,Signal transduction mechanisms,-0.3282792514513297,0.11488511488511488,20,0.34906556857776366,False
Haladaptataceae,U,"Intracellular trafficking, secretion, vesicular transport",-0.3346457948243232,0.21078921078921078,20,0.4776599547241749,False
Haladaptataceae,V,Defense mechanisms,0.45263226651805033,0.04795204795204795,20,0.24200799200799203,False
Halalkalicoccaceae,C,Energy production and conversion,-0.1279559426494614,0.7692307692307693,6,0.9268292682926831,False
Halalkalicoccaceae,D,"Cell cycle control, cell division",-0.10891499205575517,0.7122877122877123,6,0.9163284632034632,False
Halalkalicoccaceae,E,Amino acid transport and metabolism,-0.09832967943310353,0.8331668331668332,6,0.9347724347724347,False
Halalkalicoccaceae,F,Nucleotide transport and metabolism,0.07675055036885448,0.8301698301698301,6,0.9347724347724347,False
Halalkalicoccaceae,G,Carbohydrate transport and metabolism,0.006714916092795009,0.985014985014985,6,0.9920282969063456,False
Halalkalicoccaceae,H,Coenzyme transport and metabolism,0.09957015234412381,0.7172827172827173,6,0.9163349213600469,False
Halalkalicoccaceae,I,Lipid transport and metabolism,0.21269144665594875,0.5814185814185814,6,0.8206307977736549,False
Halalkalicoccaceae,J,"Translation, ribosomal structure and biogenesis",0.040583488008077984,0.9020979020979021,6,0.9744662117543473,False
Halalkalicoccaceae,K,Transcription,0.006212236050746833,0.988011988011988,6,0.9920282969063456,False
Halalkalicoccaceae,L,"Replication, recombination and repair",-0.4063152580476852,0.4155844155844156,6,0.6654377880184331,False
Halalkalicoccaceae,M,Cell wall/membrane/envelope biogenesis,-0.6183597819551092,0.14585414585414586,6,0.39158667419536985,False
Halalkalicoccaceae,N,Cell motility,-0.11302306786001437,0.8301698301698301,6,0.9347724347724347,False
Halalkalicoccaceae,O,"Post-translational modification, chaperones",-0.6565365297091782,0.04595404595404595,6,0.24200799200799203,False
Halalkalicoccaceae,P,Inorganic ion transport and metabolism,0.4911294357764708,0.27972027972027974,6,0.5547012987012987,False
Halalkalicoccaceae,Q,Secondary metabolites,0.5915912737554216,0.053946053946053944,6,0.25140896839010046,False
Halalkalicoccaceae,S,Function unknown,0.05112155016167952,0.8401598401598401,6,0.9347724347724347,False
Halalkalicoccaceae,T,Signal transduction mechanisms,-0.06606298008281437,0.8721278721278721,6,0.9574025974025974,False
Halalkalicoccaceae,U,"Intracellular trafficking, secretion, vesicular transport",0.4892625261077926,0.3116883116883117,6,0.5967985502869223,False
Halalkalicoccaceae,V,Defense mechanisms,0.12987065647121016,0.7602397602397603,6,0.9262363252511036,False
Haloarculaceae,C,Energy production and conversion,-0.012530129277239047,0.922077922077922,99,0.9744662117543473,False
Haloarculaceae,D,"Cell cycle control, cell division",-0.03161447327556377,0.7052947052947053,99,0.9120826817161896,False
Haloarculaceae,E,Amino acid transport and metabolism,0.10361992827688549,0.34765234765234765,99,0.6133580705009276,False
Haloarculaceae,F,Nucleotide transport and metabolism,-0.09882989626877248,0.3206793206793207,99,0.5990024468285338,False
Haloarculaceae,G,Carbohydrate transport and metabolism,0.13332793263975928,0.26373626373626374,99,0.5404100032199205,False
Haloarculaceae,H,Coenzyme transport and metabolism,-0.16095650796878314,0.057942057942057944,99,0.2602125147579693,False
Haloarculaceae,I,Lipid transport and metabolism,-0.18131536622389188,0.11588411588411589,99,0.34906556857776366,False
Haloarculaceae,J,"Translation, ribosomal structure and biogenesis",-0.33801850224323526,0.004995004995004995,99,0.058750773036487326,False
Haloarculaceae,K,Transcription,0.34198687170566555,0.000999000999000999,99,0.030844155844155844,True
Haloarculaceae,L,"Replication, recombination and repair",0.3518964234281121,0.011988011988011988,99,0.10575139146567718,False
Haloarculaceae,M,Cell wall/membrane/envelope biogenesis,-0.198021055123131,0.1068931068931069,99,0.3342100937037646,False
Haloarculaceae,N,Cell motility,-0.49532569029437346,0.000999000999000999,99,0.030844155844155844,True
Haloarculaceae,O,"Post-translational modification, chaperones",0.1186239125213716,0.17782217782217782,99,0.4348720586344349,False
Haloarculaceae,P,Inorganic ion transport and metabolism,0.2786939540112072,0.027972027972027972,99,0.17715617715617715,False
Haloarculaceae,Q,Secondary metabolites,-0.2579823479041136,0.001998001998001998,99,0.04112554112554113,True
Haloarculaceae,S,Function unknown,0.24682834950827193,0.004995004995004995,99,0.058750773036487326,False
Haloarculaceae,T,Signal transduction mechanisms,0.23993151101467558,0.02197802197802198,99,0.14671814671814673,False
Haloarculaceae,U,"Intracellular trafficking, secretion, vesicular transport",-0.32470450415409513,0.017982017982017984,99,0.1233766233766234,False
Haloarculaceae,V,Defense mechanisms,0.2843895896272507,0.011988011988011988,99,0.10575139146567718,False
Halobacteriaceae,C,Energy production and conversion,-0.05943321139370203,0.7382617382617382,39,0.9163349213600469,False
Halobacteriaceae,D,"Cell cycle control, cell division",0.3063550516174083,0.014985014985014986,39,0.12337662337662339,False
Halobacteriaceae,E,Amino acid transport and metabolism,-0.23188293977931462,0.19480519480519481,39,0.453932859593237,False
Halobacteriaceae,F,Nucleotide transport and metabolism,-0.03862084928653875,0.8001998001998002,39,0.9347724347724347,False
Halobacteriaceae,G,Carbohydrate transport and metabolism,-0.4152819044792627,0.01098901098901099,39,0.10439560439560441,False
Halobacteriaceae,H,Coenzyme transport and metabolism,-0.02469760207458538,0.8371628371628371,39,0.9347724347724347,False
Halobacteriaceae,I,Lipid transport and metabolism,-0.4158684903480604,0.017982017982017984,39,0.1233766233766234,False
Halobacteriaceae,J,"Translation, ribosomal structure and biogenesis",-0.23220618403176652,0.12287712287712288,39,0.35706646294881594,False
Halobacteriaceae,K,Transcription,0.20700028082650657,0.1928071928071928,39,0.4535559678416821,False
Halobacteriaceae,L,"Replication, recombination and repair",-0.0234107016088001,0.9120879120879121,39,0.9744662117543473,False
Halobacteriaceae,M,Cell wall/membrane/envelope biogenesis,-0.4443076409923552,0.016983016983016984,39,0.12337662337662339,False
Halobacteriaceae,N,Cell motility,-0.021583343851634407,0.9100899100899101,39,0.9744662117543473,False
Halobacteriaceae,O,"Post-translational modification, chaperones",0.23583529839078954,0.07292707292707293,39,0.28145292207792205,False
Halobacteriaceae,P,Inorganic ion transport and metabolism,0.21048280289364352,0.2647352647352647,39,0.5404100032199205,False
Halobacteriaceae,Q,Secondary metabolites,0.015650182528933132,0.9180819180819181,39,0.9744662117543473,False
Halobacteriaceae,S,Function unknown,0.2212691211229565,0.1038961038961039,39,0.3321678321678322,False
Halobacteriaceae,T,Signal transduction mechanisms,0.22532715457094177,0.14785214785214784,39,0.3926825862309733,False
Halobacteriaceae,U,"Intracellular trafficking, secretion, vesicular transport",0.40827985055876725,0.03496503496503497,39,0.2159090909090909,False
Halobacteriaceae,V,Defense mechanisms,0.0770931253360715,0.6443556443556444,39,0.8793140561096362,False
Halococcaceae,C,Energy production and conversion,0.12119700308304629,0.7942057942057942,5,0.9347724347724347,False
Halococcaceae,D,"Cell cycle control, cell division",0.10389982817899096,0.7372627372627373,5,0.9163349213600469,False
Halococcaceae,E,Amino acid transport and metabolism,0.06384393251579623,0.8991008991008991,5,0.9744662117543473,False
Halococcaceae,F,Nucleotide transport and metabolism,-0.8317211666450463,0.016983016983016984,5,0.12337662337662339,False
Halococcaceae,G,Carbohydrate transport and metabolism,-0.41946451552466574,0.3706293706293706,5,0.6401780038143674,False
Halococcaceae,H,Coenzyme transport and metabolism,-0.23068158944356937,0.4125874125874126,5,0.6654377880184331,False
Halococcaceae,I,Lipid transport and metabolism,0.2556917587465267,0.5174825174825175,5,0.7699890470974808,False
Halococcaceae,J,"Translation, ribosomal structure and biogenesis",-0.3182439247933857,0.4175824175824176,5,0.6654377880184331,False
Halococcaceae,K,Transcription,0.6083067232516359,0.11588411588411589,5,0.34906556857776366,False
Halococcaceae,L,"Replication, recombination and repair",0.9928968390109787,0.03996003996003996,5,0.24073487488121634,False
Halococcaceae,M,Cell wall/membrane/envelope biogenesis,-0.6578687014344864,0.15184815184815184,5,0.39326298701298695,False
Halococcaceae,N,Cell motility,0.007170986886550823,0.993006993006993,5,0.993006993006993,False
Halococcaceae,O,"Post-translational modification, chaperones",-0.014942623042867684,0.981018981018981,5,0.9920282969063456,False
Halococcaceae,P,Inorganic ion transport and metabolism,0.4851659804583142,0.33266733266733267,5,0.5990024468285338,False
Halococcaceae,Q,Secondary metabolites,-0.2609877046165452,0.4125874125874126,5,0.6654377880184331,False
Halococcaceae,S,Function unknown,0.2511980292106277,0.3956043956043956,5,0.6654377880184331,False
Halococcaceae,T,Signal transduction mechanisms,-0.4204754119393302,0.2917082917082917,5,0.5718408575551432,False
Halococcaceae,U,"Intracellular trafficking, secretion, vesicular transport",0.46136248948987457,0.37662337662337664,5,0.6460137085137085,False
Halococcaceae,V,Defense mechanisms,-0.1963479333924457,0.6443556443556444,5,0.8793140561096362,False
Haloferacaceae,C,Energy production and conversion,0.04619724949403041,0.6753246753246753,121,0.8968021226085742,False
Haloferacaceae,D,"Cell cycle control, cell division",-0.018459203421797687,0.8011988011988012,121,0.9347724347724347,False
Haloferacaceae,E,Amino acid transport and metabolism,0.06575881312017455,0.5144855144855145,121,0.7699890470974808,False
Haloferacaceae,F,Nucleotide transport and metabolism,-0.3434941067776426,0.000999000999000999,121,0.030844155844155844,True
Haloferacaceae,G,Carbohydrate transport and metabolism,-0.04740065105923358,0.6633366633366633,121,0.8904573687182382,False
Haloferacaceae,H,Coenzyme transport and metabolism,0.07743705348550245,0.33466533466533466,121,0.5990024468285338,False
Haloferacaceae,I,Lipid transport and metabolism,-0.1096016400214544,0.3196803196803197,121,0.5990024468285338,False
Haloferacaceae,J,"Translation, ribosomal structure and biogenesis",-0.07501677140342766,0.45854145854145856,121,0.7078733766233767,False
Haloferacaceae,K,Transcription,0.2897481236244287,0.004995004995004995,121,0.058750773036487326,False
Haloferacaceae,L,"Replication, recombination and repair",0.0813099100401602,0.5384615384615384,121,0.78698224852071,False
Haloferacaceae,M,Cell wall/membrane/envelope biogenesis,0.2188218284058033,0.07092907092907093,121,0.2780869923727066,False
Haloferacaceae,N,Cell motility,-0.06098272824666129,0.6033966033966034,121,0.8372975339267473,False
Haloferacaceae,O,"Post-translational modification, chaperones",-0.1468682095750274,0.1028971028971029,121,0.3321678321678322,False
Haloferacaceae,P,Inorganic ion transport and metabolism,0.23121784966183512,0.04795204795204795,121,0.24200799200799203,False
Haloferacaceae,Q,Secondary metabolites,0.0774868818017666,0.33266733266733267,121,0.5990024468285338,False
Haloferacaceae,S,Function unknown,0.06761360238071834,0.40559440559440557,121,0.6654377880184331,False
Haloferacaceae,T,Signal transduction mechanisms,0.03591572962148021,0.6953046953046953,121,0.9120826817161896,False
Haloferacaceae,U,"Intracellular trafficking, secretion, vesicular transport",-0.24587710856173017,0.05094905094905095,121,0.24200799200799203,False
Haloferacaceae,V,Defense mechanisms,-0.14380662256892512,0.18581418581418582,121,0.4499618029029794,False
Methanocaldococcaceae,C,Energy production and conversion,0.021859767394731455,0.9630369630369631,7,0.9920282969063456,False
Methanocaldococcaceae,D,"Cell cycle control, cell division",0.12240539487626623,0.6753246753246753,7,0.8968021226085742,False
Methanocaldococcaceae,E,Amino acid transport and metabolism,-0.44235313632621165,0.24875124875124874,7,0.5335775335775336,False
Methanocaldococcaceae,F,Nucleotide transport and metabolism,0.6132105976250137,0.04795204795204795,7,0.24200799200799203,False
Methanocaldococcaceae,G,Carbohydrate transport and metabolism,-0.07819546695026716,0.8201798201798202,7,0.9347724347724347,False
Methanocaldococcaceae,H,Coenzyme transport and metabolism,0.14394603532811867,0.5514485514485514,7,0.7919057686499547,False
Methanocaldococcaceae,I,Lipid transport and metabolism,0.12297448958913271,0.7242757242757243,7,0.9163349213600469,False
Methanocaldococcaceae,J,"Translation, ribosomal structure and biogenesis",0.3460278475198302,0.2957042957042957,7,0.5751099294406381,False
Methanocaldococcaceae,K,Transcription,-1.1486086362564427,0.000999000999000999,7,0.030844155844155844,True
Methanocaldococcaceae,L,"Replication, recombination and repair",-0.025470678947326686,0.961038961038961,7,0.9920282969063456,False
Methanocaldococcaceae,M,Cell wall/membrane/envelope biogenesis,-0.21338270040751353,0.5904095904095904,7,0.828586186540732,False
Methanocaldococcaceae,N,Cell motility,0.9067513983320109,0.04695304695304695,7,0.24200799200799203,False
Methanocaldococcaceae,O,"Post-translational modification, chaperones",-0.2047767596626336,0.5174825174825175,7,0.7699890470974808,False
Methanocaldococcaceae,P,Inorganic ion transport and metabolism,-0.6854779022026831,0.08491508491508491,7,0.30397139092791264,False
Methanocaldococcaceae,Q,Secondary metabolites,0.20746433346832582,0.4645354645354645,7,0.7126724207469548,False
Methanocaldococcaceae,S,Function unknown,-0.5109018709669098,0.061938061938061936,7,0.2637707120465741,False
Methanocaldococcaceae,T,Signal transduction mechanisms,-0.14058065413097803,0.7032967032967034,7,0.9120826817161896,False
Methanocaldococcaceae,U,"Intracellular trafficking, secretion, vesicular transport",0.6226918395517052,0.16283716283716285,7,0.40627049717958813,False
Methanocaldococcaceae,V,Defense mechanisms,0.3424161021658313,0.35364635364635366,7,0.6195081514230452,False
Methanosarcinaceae,C,Energy production and conversion,-0.5258915115497222,0.14585414585414586,8,0.39158667419536985,False
Methanosarcinaceae,D,"Cell cycle control, cell division",0.4282175078030145,0.1048951048951049,8,0.3321678321678322,False
Methanosarcinaceae,E,Amino acid transport and metabolism,-0.5969103050366809,0.1028971028971029,8,0.3321678321678322,False
Methanosarcinaceae,F,Nucleotide transport and metabolism,0.16110050534868425,0.5794205794205795,8,0.8206307977736549,False
Methanosarcinaceae,G,Carbohydrate transport and metabolism,0.10666420498855617,0.7612387612387612,8,0.9262363252511036,False
Methanosarcinaceae,H,Coenzyme transport and metabolism,0.183503407933723,0.43456543456543456,8,0.6793522932763438,False
Methanosarcinaceae,I,Lipid transport and metabolism,-0.49692910201867757,0.16283716283716285,8,0.40627049717958813,False
Methanosarcinaceae,J,"Translation, ribosomal structure and biogenesis",-0.08213535841715924,0.7942057942057942,8,0.9347724347724347,False
Methanosarcinaceae,K,Transcription,-1.2112267992727124,0.000999000999000999,8,0.030844155844155844,True
Methanosarcinaceae,L,"Replication, recombination and repair",0.5264164421041089,0.2007992007992008,8,0.46352712707852894,False
Methanosarcinaceae,M,Cell wall/membrane/envelope biogenesis,1.2334879804814098,0.002997002997002997,8,0.04626623376623377,True
Methanosarcinaceae,N,Cell motility,0.7610119063186545,0.056943056943056944,8,0.2602125147579693,False
Methanosarcinaceae,O,"Post-translational modification, chaperones",0.733635164724639,0.006993006993006993,8,0.06909090909090909,False
Methanosarcinaceae,P,Inorganic ion transport and metabolism,-0.5052972472619499,0.18981018981018982,8,0.4535559678416821,False
Methanosarcinaceae,Q,Secondary metabolites,-0.4118870369376597,0.12287712287712288,8,0.35706646294881594,False
Methanosarcinaceae,S,Function unknown,-0.2859705118919953,0.26173826173826176,8,0.5404100032199205,False
Methanosarcinaceae,T,Signal transduction mechanisms,-0.3663918116579543,0.2597402597402597,8,0.5404100032199205,False
Methanosarcinaceae,U,"Intracellular trafficking, secretion, vesicular transport",0.47509574911494795,0.23176823176823177,8,0.5066084358119757,False
Methanosarcinaceae,V,Defense mechanisms,-0.1264931847732265,0.7212787212787213,8,0.9163349213600469,False
Methanothermobacteraceae,C,Energy production and conversion,0.28690414522907515,0.40559440559440557,8,0.6654377880184331,False
Methanothermobacteraceae,D,"Cell cycle control, cell division",0.052853593823363576,0.8251748251748252,8,0.9347724347724347,False
Methanothermobacteraceae,E,Amino acid transport and metabolism,-0.31804120204507674,0.4035964035964036,8,0.6654377880184331,False
Methanothermobacteraceae,F,Nucleotide transport and metabolism,0.5373664221778963,0.07792207792207792,8,0.2916174734356552,False
Methanothermobacteraceae,G,Carbohydrate transport and metabolism,-0.03320151727575951,0.9310689310689311,8,0.9744662117543473,False
Methanothermobacteraceae,H,Coenzyme transport and metabolism,0.1860920170246983,0.4755244755244755,8,0.7250280583613917,False
Methanothermobacteraceae,I,Lipid transport and metabolism,0.16538933725672506,0.6393606393606394,8,0.8793140561096362,False
Methanothermobacteraceae,J,"Translation, ribosomal structure and biogenesis",0.38558303675241345,0.24475524475524477,8,0.5303030303030303,False
Methanothermobacteraceae,K,Transcription,-1.2565450070121362,0.000999000999000999,8,0.030844155844155844,True
Methanothermobacteraceae,L,"Replication, recombination and repair",-0.4600436033919427,0.2807192807192807,8,0.5547012987012987,False
Methanothermobacteraceae,M,Cell wall/membrane/envelope biogenesis,0.4305387912283415,0.2517482517482518,8,0.5335775335775336,False
Methanothermobacteraceae,N,Cell motility,0.9391178240926434,0.015984015984015984,8,0.12337662337662339,False
Methanothermobacteraceae,O,"Post-translational modification, chaperones",-0.15815997290206993,0.5754245754245755,8,0.8206307977736549,False
Methanothermobacteraceae,P,Inorganic ion transport and metabolism,-0.6326982802813497,0.08791208791208792,8,0.3093104079019572,False
Methanothermobacteraceae,Q,Secondary metabolites,0.2487959780092618,0.34065934065934067,8,0.6053442959917781,False
Methanothermobacteraceae,S,Function unknown,-0.7079476752970066,0.006993006993006993,8,0.06909090909090909,False
Methanothermobacteraceae,T,Signal transduction mechanisms,-0.20676083917096733,0.5434565434565435,8,0.7896103896103898,False
Methanothermobacteraceae,U,"Intracellular trafficking, secretion, vesicular transport",0.6587000545274696,0.14585414585414586,8,0.39158667419536985,False
Methanothermobacteraceae,V,Defense mechanisms,-0.11794310274557915,0.7352647352647352,8,0.9163349213600469,False
Natrialbaceae,C,Energy production and conversion,0.2927388497569645,0.013986013986013986,96,0.11912225705329153,False
Natrialbaceae,D,"Cell cycle control, cell division",-0.26561180779656507,0.001998001998001998,96,0.04112554112554113,True
Natrialbaceae,E,Amino acid transport and metabolism,0.36045067440111134,0.004995004995004995,96,0.058750773036487326,False
Natrialbaceae,F,Nucleotide transport and metabolism,-0.1099494813133004,0.2707292707292707,96,0.5436595924400802,False
Natrialbaceae,G,Carbohydrate transport and metabolism,0.18142304329480108,0.13986013986013987,96,0.3881511746680286,False
Natrialbaceae,H,Coenzyme transport and metabolism,-0.1555096245530797,0.07692307692307693,96,0.2916174734356552,False
Natrialbaceae,I,Lipid transport and metabolism,0.4873429982475124,0.000999000999000999,96,0.030844155844155844,True
Natrialbaceae,J,"Translation, ribosomal structure and biogenesis",-0.15208936643845405,0.15184815184815184,96,0.39326298701298695,False
Natrialbaceae,K,Transcription,0.18294740380849928,0.1048951048951049,96,0.3321678321678322,False
Natrialbaceae,L,"Replication, recombination and repair",0.09239145420095896,0.5044955044955045,96,0.764480917855151,False
Natrialbaceae,M,Cell wall/membrane/envelope biogenesis,-0.018778381699460334,0.8811188811188811,96,0.9629927594529365,False
Natrialbaceae,N,Cell motility,-0.4240869359688284,0.002997002997002997,96,0.04626623376623377,True
Natrialbaceae,O,"Post-translational modification, chaperones",-0.009415416935503795,0.926073926073926,96,0.9744662117543473,False
Natrialbaceae,P,Inorganic ion transport and metabolism,-0.008195467355784913,0.945054945054945,96,0.9849306811332128,False
Natrialbaceae,Q,Secondary metabolites,0.024981034040846672,0.7672327672327672,96,0.9268292682926831,False
Natrialbaceae,S,Function unknown,0.032091747821015204,0.7372627372627373,96,0.9163349213600469,False
Natrialbaceae,T,Signal transduction mechanisms,-0.06679327120490106,0.5484515484515484,96,0.7919057686499547,False
Natrialbaceae,U,"Intracellular trafficking, secretion, vesicular transport",-0.21172326001942354,0.13686313686313686,96,0.3841499409681228,False
Natrialbaceae,V,Defense mechanisms,-0.23221419228640644,0.04095904095904096,96,0.24087816944959803,False
Sulfolobaceae,C,Energy production and conversion,-0.3549814172883656,0.12787212787212787,21,0.3672606463304138,False
Sulfolobaceae,D,"Cell cycle control, cell division",0.29282117118705203,0.059940059940059943,21,0.2637707120465741,False
Sulfolobaceae,E,Amino acid transport and metabolism,-0.2520535615994728,0.3016983016983017,21,0.5821834415584416,False
Sulfolobaceae,F,Nucleotide transport and metabolism,0.6144632525484739,0.001998001998001998,21,0.04112554112554113,True
Sulfolobaceae,G,Carbohydrate transport and metabolism,0.11210410777647165,0.5974025974025974,21,0.8336635116296133,False
Sulfolobaceae,H,Coenzyme transport and metabolism,0.1289946685541551,0.4305694305694306,21,0.6773926710232443,False
Sulfolobaceae,I,Lipid transport and metabolism,-0.005405029066798017,0.971028971028971,21,0.9920282969063456,False
Sulfolobaceae,J,"Translation, ribosomal structure and biogenesis",0.5458577848491915,0.005994005994005994,21,0.06729634002361276,False
Sulfolobaceae,K,Transcription,-0.2342600381386668,0.26973026973026976,21,0.5436595924400802,False
Sulfolobaceae,L,"Replication, recombination and repair",-0.467069994693569,0.08291708291708291,21,0.30397139092791264,False
Sulfolobaceae,M,Cell wall/membrane/envelope biogenesis,-0.34176221906344434,0.16183816183816183,21,0.40627049717958813,False
Sulfolobaceae,N,Cell motility,0.7783718796760801,0.002997002997002997,21,0.04626623376623377,True
Sulfolobaceae,O,"Post-translational modification, chaperones",-0.3169522566211405,0.08391608391608392,21,0.30397139092791264,False
Sulfolobaceae,P,Inorganic ion transport and metabolism,-0.4951783274759444,0.05094905094905095,21,0.24200799200799203,False
Sulfolobaceae,Q,Secondary metabolites,0.07908481481239504,0.6553446553446554,21,0.8845362287985239,False
Sulfolobaceae,S,Function unknown,0.06405023606888971,0.6963036963036963,21,0.9120826817161896,False
Sulfolobaceae,T,Signal transduction mechanisms,-0.382388324668876,0.06893106893106893,21,0.2780869923727066,False
Sulfolobaceae,U,"Intracellular trafficking, secretion, vesicular transport",0.49431232089577426,0.06993006993006994,21,0.2780869923727066,False
Sulfolobaceae,V,Defense mechanisms,-0.2600090677522065,0.25274725274725274,21,0.5335775335775336,False
Thermococcaceae,C,Energy production and conversion,0.0064575970595778355,0.983016983016983,11,0.9920282969063456,False
Thermococcaceae,D,"Cell cycle control, cell division",0.039962381389399504,0.8611388611388612,11,0.9495593692022264,False
Thermococcaceae,E,Amino acid transport and metabolism,-0.18664437822241556,0.5344655344655345,11,0.785791589363018,False
Thermococcaceae,F,Nucleotide transport and metabolism,0.436055438785393,0.06993006993006994,11,0.2780869923727066,False
Thermococcaceae,G,Carbohydrate transport and metabolism,-0.27265669026259975,0.4025974025974026,11,0.6654377880184331,False
Thermococcaceae,H,Coenzyme transport and metabolism,-0.047592273480550895,0.8291708291708292,11,0.9347724347724347,False
Thermococcaceae,I,Lipid transport and metabolism,0.05428948320840138,0.8591408591408591,11,0.9495593692022264,False
Thermococcaceae,J,"Translation, ribosomal structure and biogenesis",0.3623639162896104,0.1928071928071928,11,0.4535559678416821,False
Thermococcaceae,K,Transcription,-0.2864765395058122,0.32667332667332666,11,0.5990024468285338,False
Thermococcaceae,L,"Replication, recombination and repair",-0.9110887758624113,0.006993006993006993,11,0.06909090909090909,False
Thermococcaceae,M,Cell wall/membrane/envelope biogenesis,-0.45066578438052185,0.17282717282717283,11,0.4268831168831169,False
Thermococcaceae,N,Cell motility,0.6842069209213648,0.060939060939060936,11,0.2637707120465741,False
Thermococcaceae,O,"Post-translational modification, chaperones",0.05057036770375349,0.8331668331668332,11,0.9347724347724347,False
Thermococcaceae,P,Inorganic ion transport and metabolism,-0.5046336802679761,0.13586413586413587,11,0.3841499409681228,False
Thermococcaceae,Q,Secondary metabolites,0.21622681956231365,0.33466533466533466,11,0.5990024468285338,False
Thermococcaceae,S,Function unknown,-0.19032430946621703,0.36863136863136864,11,0.6401780038143674,False
Thermococcaceae,T,Signal transduction mechanisms,0.10701375942521835,0.7032967032967034,11,0.9120826817161896,False
Thermococcaceae,U,"Intracellular trafficking, secretion, vesicular transport",0.43745281764071436,0.21078921078921078,11,0.4776599547241749,False
Thermococcaceae,V,Defense mechanisms,0.45548292946275915,0.15284715284715283,11,0.39326298701298695,False
