COG,description,n_cross,n_only,odds_ratio,p_raw,p_adj
I,Lipid transport and metabolism,1079,946,3.6204409177066283,7.147107891352877e-172,4.526501664523489e-171
E,Amino acid transport and metabolism,2378,2571,3.0567701313659277,4.2479999181533076e-296,4.0355999222456426e-295
G,Carbohydrate transport and metabolism,1267,1673,2.398998074668445,8.023702760917175e-110,2.540839207623772e-109
C,Energy production and conversion,1407,1899,2.3550500231839306,3.7939497634568304e-117,1.4417009101135955e-116
F,Nucleotide transport and metabolism,264,346,2.3505077508267846,6.964465425227708e-24,1.2029531189029676e-23
H,Coenzyme transport and metabolism,567,857,2.051503972948091,5.480263306462253e-37,1.156944475808698e-36
Q,Secondary metabolites,550,881,1.9334975202607554,3.3069843897487345e-31,6.283270340522596e-31
P,Inorganic ion transport and metabolism,1717,2924,1.8653054721360591,1.9991635194841884e-82,5.426300981457083e-82
M,Cell wall/membrane/envelope biogenesis,883,1525,1.8041591242408528,2.0132323896469e-40,4.781426925411388e-40
O,"Post-translational modification, chaperones",508,1289,1.2104795894373712,0.0003957311147056785,0.00046993069871299325
J,"Translation, ribosomal structure and biogenesis",196,545,1.1009846264910572,0.247951501647459,0.26172658507231783
T,Signal transduction mechanisms,571,1731,1.009260357503003,0.8445763677428528,0.8445763677428528
D,"Cell cycle control, cell division",169,675,0.7639900521359773,0.0015117445947989375,0.0016895969000694008
K,Transcription,1378,5476,0.753967413349219,2.1875830522919182e-20,3.197236768734342e-20
V,Defense mechanisms,220,1133,0.5897527751474565,6.26661464786135e-14,8.504691307811833e-14
L,"Replication, recombination and repair",1087,6558,0.48075155811981474,1.4677210446906425e-120,6.971674962280552e-120
S,Function unknown,7200,34139,0.4663755518109456,0.0,0.0
N,Cell motility,27,213,0.38697163416496744,2.557076462388136e-07,3.2389635190249723e-07
U,"Intracellular trafficking, secretion, vesicular transport",23,361,0.19402282841585097,3.819658506470937e-22,6.047792635245651e-22
