archaea_family,bacteria_phylum,observed,expected,residual
GW2011-AR1,Verrucomicrobiota,13,0.07,49.973
Nitrosopumilaceae,Myxococcota,1,0.02,7.645
Nitrosopumilaceae,Acidobacteriota,4,0.31,6.661
Thermococcaceae,Myxococcota,2,0.09,6.381
Methanosarcinaceae,Desulfobacterota,15,3.37,6.333
Methanobacteriaceae,Bacillota,10,1.82,6.072
Methanosarcinaceae,Desulfobacterota_F,6,1.18,4.439
Methanocaldococcaceae,Chlamydiota,3,0.36,4.424
Methanosarcinaceae,Campylobacterota,18,6.7,4.367
Methanosarcinaceae,Deferribacterota,4,0.67,4.089
Methanocaldococcaceae,Bacillota_E,1,0.05,4.055
GW2011-AR1,Bacteroidota,19,7.73,4.053
GW2011-AR1,Bacillota_A,14,5.08,3.956
Thermococcaceae,Desulfobacterota_F,3,0.5,3.539
Thermococcaceae,Nitrospirota,3,0.52,3.416
Nitrosopumilaceae,Desulfobacterota,2,0.26,3.382
Methanosarcinaceae,Nitrospirota,5,1.24,3.377
Methanothermobacteraceae,Desulfobacterota_F,1,0.08,3.149
Methanosarcinaceae,Planctomycetota,8,2.87,3.025
Methanocaldococcaceae,Campylobacterota,4,1.05,2.885
QS-9-68-17,Spirochaetota,29,17.67,2.697
GW2011-AR1,Bacillota_C,4,1.13,2.69
Halobacteriaceae,Bacillota_B,4,1.14,2.682
,Fusobacteriota,11,5.13,2.593
Halococcaceae,Bacillota_C,17,9.23,2.556
Methanosarcinaceae,Chlamydiota,6,2.28,2.46
Thermococcaceae,Chloroflexota,4,1.33,2.312
Haloarculaceae,Pseudomonadota,1025,955.86,2.236
Halococcaceae,Deferribacterota,4,1.41,2.18
QS-9-68-17,Chlamydiota,12,6.52,2.145
Thermococcaceae,Chlamydiota,3,0.97,2.068
Natrialbaceae,Pseudomonadota,1080,1015.4,2.027
QS-9-68-17,Chloroflexota,15,8.98,2.007
Methanosarcinaceae,Cyanobacteriota,32,22.78,1.931
Thermococcaceae,Campylobacterota,6,2.84,1.879
Halalkalicoccaceae,Bacillota_C,17,10.91,1.845
Natrialbaceae,Actinomycetota,746,700.03,1.738
Halobacteriaceae,Chloroflexota,24,16.91,1.723
Thermococcaceae,Fusobacteriota,4,1.75,1.696
Methanocaldococcaceae,Fusobacteriota,2,0.65,1.68
QS-9-68-17,Bacillota_A,68,55.72,1.646
Nitrosopumilaceae,Planctomycetota,1,0.22,1.636
Halobacteriaceae,Chlamydiota,18,12.28,1.633
Haloferacaceae,Pseudomonadota,1064,1012.15,1.63
Halococcaceae,Spirochaetota,19,13.11,1.626
Thermococcaceae,Planctomycetota,3,1.22,1.617
,Bacillota_C,9,5.39,1.555
Methanothermobacteraceae,Desulfobacterota,1,0.24,1.543
Methanosarcinaceae,Spirochaetota,10,6.18,1.535
Halococcaceae,Nitrospirota,5,2.63,1.462
Halobacteriaceae,Desulfobacterota_F,10,6.34,1.452
QS-9-68-17,Desulfobacterota,14,9.63,1.408
Halobacteriaceae,Synergistota,4,2.03,1.38
Natrialbaceae,Bacillota_E,8,4.96,1.362
Methanothermobacteraceae,Bacillota_A,3,1.4,1.355
Halococcaceae,Synergistota,2,0.8,1.339
Methanobacteriaceae,Bacillota_A,2,0.83,1.292
Halobacteriaceae,Deferribacterota,6,3.58,1.281
,Desulfobacterota_F,3,1.46,1.275
Methanothermobacteraceae,Bacillota_C,1,0.31,1.232
Halalkalicoccaceae,Deinococcota,87,76.46,1.205
,Bacillota_A,30,24.14,1.192
,Deinococcota,45,37.78,1.174
Halobacteriaceae,Campylobacterota,43,36.02,1.163
Haladaptataceae,Fusobacteriota,40,33.4,1.142
Halalkalicoccaceae,Fusobacteriota,14,10.38,1.125
QS-9-68-17,Acidobacteriota,15,11.23,1.125
Methanosarcinaceae,Bacillota_E,1,0.35,1.106
Methanothermobacteraceae,Bacillota,5,3.07,1.099
Methanocaldococcaceae,Bacteroidota,7,4.64,1.097
,Chloroflexota,6,3.89,1.068
Thermococcaceae,Acidobacteriota,3,1.66,1.035
Haladaptataceae,Bacillota_A,170,157.24,1.018
Halobacteriaceae,Bacillota,246,230.68,1.009
Halobacteriaceae,Fusobacteriota,27,22.28,1.0
Halobacteriaceae,Spirochaetota,39,33.26,0.996
Halalkalicoccaceae,Chlamydiota,8,5.72,0.954
Halococcaceae,Desulfobacterota_F,4,2.5,0.948
Halococcaceae,Acidobacteriota,11,8.34,0.923
Halalkalicoccaceae,Cyanobacteriota,64,57.07,0.917
Halococcaceae,Deinococcota,72,64.73,0.903
Halobacteriaceae,Nitrospirota,9,6.67,0.903
QS-9-68-17,Synergistota,2,1.08,0.886
QS-9-68-17,Campylobacterota,23,19.13,0.884
Thermococcaceae,Spirochaetota,4,2.62,0.854
Thermococcaceae,Bacillota_C,3,1.84,0.851
Methanothermobacteraceae,Spirochaetota,1,0.44,0.837
Halalkalicoccaceae,Actinomycetota,132,122.82,0.828
Halobacteriaceae,Myxococcota,2,1.14,0.808
Methanosarcinaceae,Bacillota_A,23,19.5,0.792
,Planctomycetota,5,3.56,0.766
Methanocaldococcaceae,Cyanobacteriota,5,3.56,0.762
Methanothermobacteraceae,Campylobacterota,1,0.48,0.751
Halococcaceae,Fusobacteriota,11,8.78,0.747
Nitrosopumilaceae,Spirochaetota,1,0.48,0.743
Haladaptataceae,Desulfobacterota,31,27.18,0.732
Halobacteriaceae,Bacillota_A,112,104.89,0.694
Halalkalicoccaceae,Planctomycetota,9,7.2,0.673
Nitrosopumilaceae,Campylobacterota,1,0.52,0.658
Methanocaldococcaceae,Desulfobacterota,1,0.53,0.651
Haloferacaceae,Deinococcota,448,434.43,0.651
QS-9-68-17,Fusobacteriota,14,11.83,0.63
Thermococcaceae,Bacillota_A,10,8.26,0.606
QS-9-68-17,Bacillota,129,122.53,0.584
Haloarculaceae,Actinomycetota,673,658.98,0.546
Haladaptataceae,Synergistota,4,3.05,0.546
Methanocaldococcaceae,Bacillota_A,4,3.05,0.544
Methanosarcinaceae,Acidobacteriota,5,3.93,0.539
Halobacteriaceae,Bacillota_C,26,23.42,0.534
Halobacteriaceae,Verrucomicrobiota,2,1.38,0.525
Halococcaceae,Chloroflexota,8,6.67,0.516
QS-9-68-17,Myxococcota,1,0.6,0.508
QS-9-68-17,Bacillota_B,1,0.6,0.508
Haladaptataceae,Desulfobacterota_F,11,9.51,0.484
Methanosarcinaceae,Chloroflexota,4,3.14,0.482
Thermococcaceae,Desulfobacterota,2,1.43,0.479
Halobacteriaceae,Desulfobacterota,20,18.13,0.439
Haloferacaceae,Cyanobacteriota,332,324.26,0.43
Methanosarcinaceae,Bacteroidota,32,29.66,0.429
Halococcaceae,Bacillota_A,44,41.36,0.411
Thermococcaceae,Bacteroidota,14,12.56,0.406
Halalkalicoccaceae,Chloroflexota,9,7.88,0.4
Methanocaldococcaceae,Bacillota_C,1,0.68,0.387
Halococcaceae,Cyanobacteriota,51,48.32,0.386
Haladaptataceae,Deinococcota,252,246.1,0.376
Halococcaceae,Planctomycetota,7,6.09,0.368
Halobacteriaceae,Bacteroidota,164,159.53,0.354
Halalkalicoccaceae,Bacillota,111,107.44,0.343
Haloferacaceae,Bacteroidota,429,422.16,0.333
Haloarculaceae,Cyanobacteriota,312,306.22,0.33
Halococcaceae,Bacillota_E,1,0.74,0.306
Methanothermobacteraceae,Cyanobacteriota,2,1.63,0.287
Haladaptataceae,Bacteroidota,243,239.15,0.249
Haladaptataceae,Bacillota,350,345.81,0.226
Haladaptataceae,Bacillota_B,2,1.71,0.225
,Deferribacterota,1,0.82,0.195
Nitrosopumilaceae,Pseudomonadota,6,5.56,0.187
Haloarculaceae,Acidobacteriota,54,52.83,0.161
QS-9-68-17,Bacillota_C,13,12.44,0.159
Haladaptataceae,Bacillota_C,36,35.1,0.151
,Cyanobacteriota,29,28.2,0.15
Halalkalicoccaceae,Bacillota_E,1,0.87,0.138
,Spirochaetota,8,7.65,0.125
Thermococcaceae,Cyanobacteriota,10,9.65,0.113
Haloarculaceae,Chloroflexota,43,42.27,0.113
Haladaptataceae,Cyanobacteriota,185,183.69,0.097
Halobacteriaceae,Bacillota_E,2,1.87,0.095
Haloarculaceae,Bacillota_B,3,2.84,0.092
Haloarculaceae,Myxococcota,3,2.84,0.092
Haladaptataceae,Actinomycetota,397,395.29,0.086
Halococcaceae,Chlamydiota,5,4.84,0.072
Haloarculaceae,Bacteroidota,400,398.68,0.066
Natrialbaceae,Bacillota,614,612.39,0.065
Haloarculaceae,Planctomycetota,39,38.61,0.063
Natrialbaceae,Deinococcota,437,435.82,0.057
Halalkalicoccaceae,Synergistota,1,0.95,0.055
Natrialbaceae,Campylobacterota,96,95.63,0.038
Natrialbaceae,Bacteroidota,424,423.51,0.024
Haladaptataceae,Spirochaetota,50,49.85,0.021
Haloferacaceae,Acidobacteriota,56,55.94,0.008
QS-9-68-17,Bacillota_E,1,0.99,0.007
Natrialbaceae,Planctomycetota,41,41.01,-0.002
QS-9-68-17,Cyanobacteriota,65,65.09,-0.011
Natrialbaceae,Myxococcota,3,3.02,-0.013
QS-9-68-17,Deinococcota,87,87.2,-0.022
Halobacteriaceae,Acidobacteriota,21,21.14,-0.031
GW2011-AR1,Bacillota,11,11.18,-0.053
Halococcaceae,Campylobacterota,14,14.2,-0.054
,Desulfobacterota,4,4.17,-0.085
Methanobacteriaceae,Bacillota_B,0,0.01,-0.095
Methanobacteriaceae,Myxococcota,0,0.01,-0.095
,Campylobacterota,8,8.29,-0.101
Methanobacteriaceae,Verrucomicrobiota,0,0.01,-0.104
Haloferacaceae,Actinomycetota,695,697.79,-0.106
Halococcaceae,Bacteroidota,62,62.9,-0.114
Methanobacteriaceae,Bacillota_E,0,0.01,-0.121
Methanothermobacteraceae,Bacillota_B,0,0.02,-0.123
Methanothermobacteraceae,Myxococcota,0,0.02,-0.123
Methanothermobacteraceae,Deinococcota,2,2.19,-0.127
Methanobacteriaceae,Synergistota,0,0.02,-0.127
Nitrosopumilaceae,Bacillota_B,0,0.02,-0.129
Methanothermobacteraceae,Verrucomicrobiota,0,0.02,-0.136
Nitrosopumilaceae,Verrucomicrobiota,0,0.02,-0.142
,Bacillota,52,53.09,-0.15
Haloferacaceae,Deferribacterota,9,9.47,-0.152
Haladaptataceae,Deferribacterota,5,5.36,-0.157
Methanothermobacteraceae,Bacillota_E,0,0.02,-0.158
Natrialbaceae,Deferribacterota,9,9.5,-0.162
Methanothermobacteraceae,Synergistota,0,0.03,-0.165
Nitrosopumilaceae,Bacillota_E,0,0.03,-0.165
Methanobacteriaceae,Deferribacterota,0,0.03,-0.168
Methanosarcinaceae,Bacillota_C,4,4.35,-0.17
Nitrosopumilaceae,Synergistota,0,0.03,-0.172
Methanocaldococcaceae,Bacillota_B,0,0.03,-0.182
Methanocaldococcaceae,Myxococcota,0,0.03,-0.182
Methanocaldococcaceae,Verrucomicrobiota,0,0.04,-0.2
Methanothermobacteraceae,Deferribacterota,0,0.05,-0.218
Methanobacteriaceae,Desulfobacterota_F,0,0.05,-0.223
Nitrosopumilaceae,Deferribacterota,0,0.05,-0.228
Methanobacteriaceae,Nitrospirota,0,0.05,-0.229
GW2011-AR1,Myxococcota,0,0.06,-0.235
GW2011-AR1,Bacillota_B,0,0.06,-0.235
Methanocaldococcaceae,Synergistota,0,0.06,-0.243
Haloferacaceae,Bacillota,604,610.43,-0.26
Haloarculaceae,Deinococcota,405,410.26,-0.26
QS-9-68-17,Nitrospirota,3,3.54,-0.288
Methanothermobacteraceae,Nitrospirota,0,0.09,-0.298
Thermococcaceae,Bacillota_B,0,0.09,-0.299
GW2011-AR1,Bacillota_E,0,0.09,-0.301
Nitrosopumilaceae,Desulfobacterota_F,0,0.09,-0.304
Methanobacteriaceae,Chlamydiota,0,0.1,-0.311
Nitrosopumilaceae,Nitrospirota,0,0.1,-0.311
Haloarculaceae,Bacillota,569,576.48,-0.312
GW2011-AR1,Synergistota,0,0.1,-0.314
Methanocaldococcaceae,Deferribacterota,0,0.1,-0.323
Thermococcaceae,Verrucomicrobiota,0,0.11,-0.33
Haloferacaceae,Campylobacterota,92,95.32,-0.34
,Actinomycetota,58,60.69,-0.345
Methanobacteriaceae,Planctomycetota,0,0.12,-0.349
Methanobacteriaceae,Chloroflexota,0,0.13,-0.365
Halobacteriaceae,Planctomycetota,14,15.45,-0.369
Methanobacteriaceae,Desulfobacterota,0,0.14,-0.378
Thermococcaceae,Bacillota_E,0,0.15,-0.384
Haloferacaceae,Nitrospirota,16,17.64,-0.391
Thermococcaceae,Synergistota,0,0.16,-0.4
Methanothermobacteraceae,Chlamydiota,0,0.16,-0.404
Haloarculaceae,Nitrospirota,15,16.66,-0.407
Methanobacteriaceae,Acidobacteriota,0,0.17,-0.408
GW2011-AR1,Deferribacterota,0,0.17,-0.416
Natrialbaceae,Acidobacteriota,53,56.12,-0.417
Methanobacteriaceae,Fusobacteriota,0,0.18,-0.419
QS-9-68-17,Planctomycetota,7,8.21,-0.421
Nitrosopumilaceae,Chlamydiota,0,0.18,-0.422
Nitrosopumilaceae,Bacillota_A,1,1.52,-0.425
Haloferacaceae,Bacillota_E,4,4.95,-0.427
Methanobacteriaceae,Bacillota_C,0,0.18,-0.429
Methanocaldococcaceae,Desulfobacterota_F,0,0.18,-0.429
Halococcaceae,Desulfobacterota,6,7.15,-0.43
,Nitrospirota,1,1.53,-0.432
Haloferacaceae,Desulfobacterota_F,15,16.78,-0.435
Haloferacaceae,Chlamydiota,30,32.49,-0.437
Methanocaldococcaceae,Nitrospirota,0,0.19,-0.44
Haladaptataceae,Planctomycetota,21,23.16,-0.449
Haloarculaceae,Spirochaetota,79,83.11,-0.451
Methanothermobacteraceae,Planctomycetota,0,0.21,-0.454
Methanosarcinaceae,Bacillota_B,0,0.21,-0.46
Methanosarcinaceae,Myxococcota,0,0.21,-0.46
Methanothermobacteraceae,Chloroflexota,0,0.23,-0.475
Haloarculaceae,Synergistota,4,5.08,-0.479
GW2011-AR1,Spirochaetota,1,1.61,-0.482
Haloarculaceae,Chlamydiota,28,30.68,-0.484
,Chlamydiota,2,2.83,-0.491
Haloarculaceae,Desulfobacterota,42,45.31,-0.492
Haloarculaceae,Fusobacteriota,52,55.68,-0.493
Nitrosopumilaceae,Chloroflexota,0,0.25,-0.496
Methanosarcinaceae,Verrucomicrobiota,0,0.26,-0.507
,Bacillota_B,0,0.26,-0.512
,Myxococcota,0,0.26,-0.512
Methanobacteriaceae,Spirochaetota,0,0.26,-0.512
Halalkalicoccaceae,Deferribacterota,1,1.67,-0.516
Methanothermobacteraceae,Acidobacteriota,0,0.28,-0.531
Thermococcaceae,Deferribacterota,0,0.28,-0.531
Methanobacteriaceae,Campylobacterota,0,0.28,-0.533
Haladaptataceae,Campylobacterota,50,54.0,-0.544
Methanothermobacteraceae,Fusobacteriota,0,0.3,-0.545
GW2011-AR1,Desulfobacterota_F,0,0.31,-0.554
Halalkalicoccaceae,Desulfobacterota_F,2,2.95,-0.555
Methanosarcinaceae,Fusobacteriota,3,4.14,-0.561
Haloferacaceae,Chloroflexota,41,44.76,-0.561
GW2011-AR1,Campylobacterota,1,1.75,-0.564
,Verrucomicrobiota,0,0.32,-0.564
GW2011-AR1,Nitrospirota,0,0.32,-0.568
Nitrosopumilaceae,Fusobacteriota,0,0.32,-0.569
Haloferacaceae,Desulfobacterota,44,47.98,-0.575
Haloferacaceae,Myxococcota,2,3.01,-0.583
Nitrosopumilaceae,Bacillota_C,0,0.34,-0.583
Haloferacaceae,Bacillota_B,2,3.01,-0.583
Nitrosopumilaceae,Cyanobacteriota,1,1.78,-0.585
Natrialbaceae,Bacillota_B,2,3.02,-0.588
Halalkalicoccaceae,Acidobacteriota,8,9.85,-0.589
Haloferacaceae,Synergistota,4,5.38,-0.595
Natrialbaceae,Synergistota,4,5.4,-0.601
Methanosarcinaceae,Synergistota,0,0.38,-0.615
Halalkalicoccaceae,Nitrospirota,2,3.11,-0.627
Haladaptataceae,Nitrospirota,8,10.0,-0.631
Halalkalicoccaceae,Spirochaetota,13,15.49,-0.633
Natrialbaceae,Nitrospirota,15,17.7,-0.642
,Bacillota_E,0,0.43,-0.656
Halobacteriaceae,Actinomycetota,253,263.69,-0.658
Methanocaldococcaceae,Bacillota,5,6.71,-0.659
Haladaptataceae,Chloroflexota,22,25.35,-0.666
Methanocaldococcaceae,Planctomycetota,0,0.45,-0.67
Halococcaceae,Myxococcota,0,0.45,-0.67
Halococcaceae,Bacillota_B,0,0.45,-0.67
QS-9-68-17,Actinomycetota,132,140.07,-0.682
Haladaptataceae,Pseudomonadota,557,573.38,-0.684
,Synergistota,0,0.47,-0.684
Halococcaceae,Actinomycetota,97,103.97,-0.684
Halalkalicoccaceae,Bacillota_A,44,48.86,-0.695
Methanocaldococcaceae,Chloroflexota,0,0.49,-0.701
Halobacteriaceae,Deinococcota,155,164.16,-0.715
Halalkalicoccaceae,Bacillota_B,0,0.53,-0.728
Halalkalicoccaceae,Myxococcota,0,0.53,-0.728
Halococcaceae,Verrucomicrobiota,0,0.55,-0.738
Nitrosopumilaceae,Bacillota,2,3.35,-0.739
QS-9-68-17,Desulfobacterota_F,2,3.37,-0.746
Haloferacaceae,Bacillota_A,265,277.57,-0.754
GW2011-AR1,Chlamydiota,0,0.59,-0.771
Methanothermobacteraceae,Bacteroidota,1,2.13,-0.772
Haloarculaceae,Bacillota_E,3,4.67,-0.774
Methanocaldococcaceae,Acidobacteriota,0,0.61,-0.784
Halalkalicoccaceae,Verrucomicrobiota,0,0.64,-0.802
Methanocaldococcaceae,Deinococcota,3,4.77,-0.811
Haladaptataceae,Acidobacteriota,27,31.69,-0.833
Halalkalicoccaceae,Pseudomonadota,167,178.15,-0.836
,Acidobacteriota,3,4.87,-0.846
QS-9-68-17,Verrucomicrobiota,0,0.73,-0.857
GW2011-AR1,Planctomycetota,0,0.75,-0.865
Nitrosopumilaceae,Bacteroidota,1,2.32,-0.866
Haloferacaceae,Bacillota_C,55,61.97,-0.885
Nitrosopumilaceae,Deinococcota,1,2.39,-0.897
GW2011-AR1,Chloroflexota,0,0.82,-0.905
Haloferacaceae,Planctomycetota,35,40.88,-0.92
Natrialbaceae,Bacillota_A,263,278.46,-0.926
Methanothermobacteraceae,Pseudomonadota,3,5.1,-0.929
Methanocaldococcaceae,Pseudomonadota,8,11.12,-0.936
Nitrosopumilaceae,Actinomycetota,2,3.83,-0.936
GW2011-AR1,Desulfobacterota,0,0.88,-0.937
Halococcaceae,Bacillota,82,90.96,-0.939
,Bacteroidota,31,36.72,-0.944
Halobacteriaceae,Cyanobacteriota,112,122.53,-0.952
Haloferacaceae,Spirochaetota,79,88.0,-0.96
Haloarculaceae,Desulfobacterota_F,12,15.85,-0.967
Thermococcaceae,Bacillota,14,18.16,-0.977
Methanobacteriaceae,Cyanobacteriota,0,0.96,-0.982
Methanocaldococcaceae,Spirochaetota,0,0.97,-0.983
GW2011-AR1,Acidobacteriota,0,1.02,-1.012
Natrialbaceae,Bacillota_C,54,62.17,-1.036
GW2011-AR1,Fusobacteriota,0,1.08,-1.039
Thermococcaceae,Actinomycetota,16,20.76,-1.045
Natrialbaceae,Cyanobacteriota,306,325.3,-1.07
Haladaptataceae,Bacillota_E,1,2.8,-1.077
Halalkalicoccaceae,Bacteroidota,65,74.31,-1.08
Methanobacteriaceae,Bacteroidota,0,1.26,-1.121
Methanobacteriaceae,Deinococcota,0,1.29,-1.137
Methanobacteriaceae,Pseudomonadota,1,3.01,-1.159
Halalkalicoccaceae,Campylobacterota,12,16.78,-1.166
Haladaptataceae,Chlamydiota,13,18.41,-1.26
Haladaptataceae,Myxococcota,0,1.71,-1.306
Natrialbaceae,Spirochaetota,76,88.29,-1.308
Natrialbaceae,Desulfobacterota,39,48.14,-1.317
Haloarculaceae,Deferribacterota,5,8.94,-1.318
Haloarculaceae,Verrucomicrobiota,1,3.45,-1.321
Methanocaldococcaceae,Actinomycetota,4,7.67,-1.324
GW2011-AR1,Actinomycetota,8,12.78,-1.336
Methanothermobacteraceae,Actinomycetota,1,3.51,-1.341
Haloarculaceae,Bacillota_C,48,58.52,-1.375
QS-9-68-17,Deferribacterota,0,1.9,-1.379
Natrialbaceae,Verrucomicrobiota,1,3.67,-1.394
Haloferacaceae,Fusobacteriota,48,58.96,-1.427
Haladaptataceae,Verrucomicrobiota,0,2.07,-1.439
Methanobacteriaceae,Actinomycetota,0,2.08,-1.441
Natrialbaceae,Fusobacteriota,48,59.15,-1.449
,Pseudomonadota,74,88.03,-1.496
Methanosarcinaceae,Bacillota,33,42.89,-1.511
Haloarculaceae,Bacillota_A,237,262.13,-1.552
QS-9-68-17,Bacteroidota,70,84.74,-1.601
Thermococcaceae,Deinococcota,7,12.93,-1.648
Natrialbaceae,Chlamydiota,23,32.59,-1.681
Haloarculaceae,Campylobacterota,74,90.02,-1.688
Halococcaceae,Pseudomonadota,129,150.82,-1.776
Natrialbaceae,Desulfobacterota_F,9,16.84,-1.91
Haloferacaceae,Verrucomicrobiota,0,3.66,-1.913
Natrialbaceae,Chloroflexota,32,44.9,-1.925
GW2011-AR1,Cyanobacteriota,1,5.94,-2.026
Thermococcaceae,Pseudomonadota,19,30.12,-2.026
QS-9-68-17,Pseudomonadota,174,203.17,-2.047
Halalkalicoccaceae,Desulfobacterota,2,8.45,-2.218
Methanosarcinaceae,Deinococcota,18,30.53,-2.267
Halobacteriaceae,Pseudomonadota,338,382.48,-2.274
Methanosarcinaceae,Pseudomonadota,51,71.12,-2.386
GW2011-AR1,Pseudomonadota,8,18.53,-2.447
GW2011-AR1,Deinococcota,0,7.95,-2.82
Methanosarcinaceae,Actinomycetota,29,49.03,-2.861
