sample_id,size,size_kb,gc,predicted_mobility,total_defense_count,defense_richness,shannon_diversity,has_defense,gtdb_phylum,gtdb_class,gtdb_order,gtdb_family,gtdb_genus,gtdb_species,cat_BREX,cat_CBASS,cat_CRISPR-Cas,cat_DISARM,cat_Druantia,cat_Other,cat_Phage Defense,cat_Restriction-Modification,cat_pAgo
AB190359.1,15723,15.723,0.466514024,non-mobilizable,0,0,0.0,0,p__Thermoplasmatota,c__Thermoplasmata,o__Thermoplasmatales,f__Thermoplasmataceae,g__Thermoplasma,s__Thermoplasma acidophilum,0,0,0,0,0,0,0,0,0
AP027740.1,16526,16.526,0.365605712,non-mobilizable,0,0,0.0,0,p__Methanobacteriota,c__Methanobacteria,o__Methanobacteriales,f__Methanobacteriaceae,g__Methanobacterium,s__Methanobacterium petrolearium,0,0,0,0,0,0,0,0,0
CP002989.1,705810,705.81,0.561498137,non-mobilizable,9,6,1.5810937501718236,1,p__Halobacteriota,c__Halobacteria,o__Halobacteriales,f__Haloferacaceae,g__Halolamina,s__Halolamina sp000224475,1,0,0,1,0,2,0,4,1
CP002990.1,23659,23.659,0.614607549,non-mobilizable,0,0,0.0,0,p__Halobacteriota,c__Halobacteria,o__Halobacteriales,f__Haloferacaceae,g__Halolamina,s__Halolamina sp000224475,0,0,0,0,0,0,0,0,0
CP003317.1,16887,16.887,0.505773672,non-mobilizable,0,0,0.0,0,p__Thermoproteota,c__Thermoprotei,o__Thermoproteales,f__Thermoproteaceae,g__Pyrobaculum,s__Pyrobaculum oguniense,0,0,0,0,0,0,0,0,0
CP007061.1,315592,315.592,0.569345864,non-mobilizable,4,4,1.3862943611198906,1,p__Halobacteriota,c__Halobacteria,o__Halobacteriales,f__Halobacteriaceae,g__Halobacterium,s__Halobacterium sp000230955,0,0,1,0,0,2,0,1,0
CP031298.1,89886,89.886,0.547482367,non-mobilizable,0,0,0.0,0,p__Halobacteriota,c__Halobacteria,o__Halobacteriales,f__Natrialbaceae,g__Natrinema,s__Natrinema thermotolerans,0,0,0,0,0,0,0,0,0
CP031299.1,86496,86.496,0.622884295,non-mobilizable,0,0,0.0,0,p__Halobacteriota,c__Halobacteria,o__Halobacteriales,f__Natrialbaceae,g__Natrinema,s__Natrinema thermotolerans,0,0,0,0,0,0,0,0,0
CP031300.1,29796,29.796,0.558027923,non-mobilizable,0,0,0.0,0,p__Halobacteriota,c__Halobacteria,o__Halobacteriales,f__Natrialbaceae,g__Natrinema,s__Natrinema thermotolerans,0,0,0,0,0,0,0,0,0
CP031301.1,49411,49.411,0.617473842,non-mobilizable,0,0,0.0,0,p__Halobacteriota,c__Halobacteria,o__Halobacteriales,f__Natrialbaceae,g__Natrinema,s__Natrinema thermotolerans,0,0,0,0,0,0,0,0,0
CP031302.1,17189,17.189,0.639885974,non-mobilizable,0,0,0.0,0,p__Halobacteriota,c__Halobacteria,o__Halobacteriales,f__Natrialbaceae,g__Natrinema,s__Natrinema thermotolerans,0,0,0,0,0,0,0,0,0
CP031304.1,987326,987.326,0.638262337,non-mobilizable,6,4,1.2424533248940002,1,p__Halobacteriota,c__Halobacteria,o__Halobacteriales,f__Natrialbaceae,g__Natrinema,s__Natrinema thermotolerans,1,0,1,0,0,1,0,3,0
CP040679.1,322915,322.915,0.607636685,non-mobilizable,0,0,0.0,0,p__Halobacteriota,c__Halobacteria,o__Halobacteriales,f__QS-9-68-17,g__Halostella,s__Halostella pelagica,0,0,0,0,0,0,0,0,0
CP040680.1,316071,316.071,0.582252089,non-mobilizable,1,1,-0.0,1,p__Halobacteriota,c__Halobacteria,o__Halobacteriales,f__QS-9-68-17,g__Halostella,s__Halostella pelagica,0,0,1,0,0,0,0,0,0
CP040681.1,100265,100.265,0.615987633,non-mobilizable,0,0,0.0,0,p__Halobacteriota,c__Halobacteria,o__Halobacteriales,f__QS-9-68-17,g__Halostella,s__Halostella pelagica,0,0,0,0,0,0,0,0,0
CP046867.1,316107,316.107,0.582233231,non-mobilizable,1,1,-0.0,1,p__Halobacteriota,c__Halobacteria,o__Halobacteriales,f__Haloarculaceae,g__Salinibaculum,s__Salinibaculum litoreum,0,0,1,0,0,0,0,0,0
CP046868.1,100260,100.26,0.61593856,non-mobilizable,0,0,0.0,0,p__Halobacteriota,c__Halobacteria,o__Halobacteriales,f__Haloarculaceae,g__Salinibaculum,s__Salinibaculum litoreum,0,0,0,0,0,0,0,0,0
CP050015.1,535368,535.368,0.619954872,non-mobilizable,1,1,-0.0,1,p__Halobacteriota,c__Halobacteria,o__Halobacteriales,f__Haloarculaceae,g__Halomicroarcula,s__Halomicroarcula pellucida,0,0,0,0,0,1,0,0,0
CP050016.1,355823,355.823,0.578442091,non-mobilizable,2,2,0.6931471805599453,1,p__Halobacteriota,c__Halobacteria,o__Halobacteriales,f__Haloarculaceae,g__Halomicroarcula,s__Halomicroarcula pellucida,0,0,0,0,0,1,0,1,0
CP050017.1,255392,255.392,0.56905463,non-mobilizable,2,2,0.6931471805599453,1,p__Halobacteriota,c__Halobacteria,o__Halobacteriales,f__Haloarculaceae,g__Halomicroarcula,s__Halomicroarcula pellucida,0,0,0,0,0,0,0,1,1
CP050018.1,133715,133.715,0.597517107,non-mobilizable,1,1,-0.0,1,p__Halobacteriota,c__Halobacteria,o__Halobacteriales,f__Haloarculaceae,g__Halomicroarcula,s__Halomicroarcula pellucida,0,0,1,0,0,0,0,0,0
CP050019.1,53962,53.962,0.564971647,non-mobilizable,1,1,-0.0,1,p__Halobacteriota,c__Halobacteria,o__Halobacteriales,f__Haloarculaceae,g__Halomicroarcula,s__Halomicroarcula pellucida,0,0,0,0,0,0,0,1,0
CP104004.1,249332,249.332,0.597255868,non-mobilizable,1,1,-0.0,1,p__Halobacteriota,c__Halobacteria,o__Halobacteriales,f__Haloarculaceae,g__,s__[Genus] [species 0022],0,0,0,0,0,0,0,0,1
CP119561.1,363408,363.408,0.588338727,non-mobilizable,6,2,0.6365141682948128,1,p__Halobacteriota,c__Halobacteria,o__Halobacteriales,f__Haloarculaceae,g__,s__[Genus] [species 0002],2,0,0,0,0,0,0,4,0
CP119562.1,114495,114.495,0.568636185,non-mobilizable,0,0,0.0,0,p__Halobacteriota,c__Halobacteria,o__Halobacteriales,f__Haloarculaceae,g__,s__[Genus] [species 0002],0,0,0,0,0,0,0,0,0
CP119780.1,284460,284.46,0.653578711,non-mobilizable,1,1,-0.0,1,p__Halobacteriota,c__Halobacteria,o__Halobacteriales,f__Haloarculaceae,g__Halomicroarcula,s__Halomicroarcula [species 0007],0,0,0,0,0,1,0,0,0
CP119781.1,200553,200.553,0.593608672,non-mobilizable,1,1,-0.0,1,p__Halobacteriota,c__Halobacteria,o__Halobacteriales,f__Haloarculaceae,g__Halomicroarcula,s__Halomicroarcula [species 0007],0,0,0,0,0,1,0,0,0
CP119793.1,330897,330.897,0.550561051,non-mobilizable,4,3,1.0397207708399179,1,p__Halobacteriota,c__Halobacteria,o__Halobacteriales,f__,g__,s__[Genus] [species 0001],1,0,0,0,0,1,0,2,0
CP119803.1,163478,163.478,0.592061317,non-mobilizable,4,3,1.0397207708399179,1,p__Halobacteriota,c__Halobacteria,o__Halobacteriales,f__Haloarculaceae,g__Halosegnis,s__Halosegnis [species 0023],0,0,1,0,0,1,0,2,0
CP119805.1,430223,430.223,0.650657915,non-mobilizable,1,1,-0.0,1,p__Halobacteriota,c__Halobacteria,o__Halobacteriales,f__Haladaptataceae,g__Halorussus,s__Halorussus [species 0012],0,0,0,0,0,0,0,1,0
CP119807.1,102607,102.607,0.591577573,non-mobilizable,2,2,0.6931471805599453,1,p__Halobacteriota,c__Halobacteria,o__Halobacteriales,f__Haladaptataceae,g__Halorussus,s__Halorussus [species 0012],0,0,1,0,0,1,0,0,0
CP119808.1,131528,131.528,0.556193358,non-mobilizable,3,3,1.0986122886681096,1,p__Halobacteriota,c__Halobacteria,o__Halobacteriales,f__Haladaptataceae,g__Halorussus,s__Halorussus [species 0012],0,0,0,0,0,3,0,0,0
CP120469.1,429105,429.105,0.623695832,non-mobilizable,1,1,-0.0,1,p__Halobacteriota,c__Halobacteria,o__Halobacteriales,f__Haloferacaceae,g__Halobaculum,s__Halobaculum [species 0020],0,0,0,0,0,1,0,0,0
CP126163.1,258123,258.123,0.559973346,non-mobilizable,2,1,-0.0,1,p__Halobacteriota,c__Halobacteria,o__Halobacteriales,f__Haloarculaceae,g__,s__[Genus] [species 0003],0,0,0,0,0,2,0,0,0
CP135527.1,76233,76.233,0.600684743,non-mobilizable,0,0,0.0,0,p__Halobacteriota,c__Halobacteria,o__Halobacteriales,f__Natrialbaceae,g__KZCA124,s__KZCA124 sp017357405,0,0,0,0,0,0,0,0,0
KF527230.1,18345,18.345,0.513109839,non-mobilizable,0,0,0.0,0,p__Methanobacteriota_B,c__Thermococci,o__Thermococcales,f__Thermococcaceae,g__Thermococcus,s__Thermococcus nautili,0,0,0,0,0,0,0,0,0
NC_000905.1,6205,6.205,0.452538276,non-mobilizable,0,0,0.0,0,p__Methanobacteriota,c__Methanobacteria,o__Methanobacteriales,f__Methanothermobacteraceae,g__Methanothermobacter,s__Methanothermobacter thermautotrophicus,0,0,0,0,0,0,0,0,0
NC_001336.1,13514,13.514,0.417714962,non-mobilizable,1,1,-0.0,1,p__Methanobacteriota,c__Methanobacteria,o__Methanobacteriales,f__Methanothermobacteraceae,g__Methanothermobacter,s__Methanothermobacter thermautotrophicus,0,0,0,0,0,0,0,1,0
NC_001337.1,11014,11.014,0.425095333,non-mobilizable,0,0,0.0,0,p__Methanobacteriota,c__Methanobacteria,o__Methanobacteriales,f__Methanothermobacteraceae,g__Methanothermobacter,s__Methanothermobacter thermautotrophicus,0,0,0,0,0,0,0,0,0
NC_001375.1,6354,6.354,0.560434372,non-mobilizable,0,0,0.0,0,p__Halobacteriota,c__Halobacteria,o__Halobacteriales,f__Haloferacaceae,g__Haloferax,s__Haloferax volcanii,0,0,0,0,0,0,0,0,0
NC_001732.1,58407,58.407,0.281910795,non-mobilizable,1,1,-0.0,1,p__Methanobacteriota,c__Methanococci,o__Methanococcales,f__Methanocaldococcaceae,g__Methanocaldococcus,s__Methanocaldococcus jannaschii,0,0,0,0,0,0,0,1,0
NC_001733.1,16550,16.55,0.288882175,non-mobilizable,1,1,-0.0,1,p__Methanobacteriota,c__Methanococci,o__Methanococcales,f__Methanocaldococcaceae,g__Methanocaldococcus,s__Methanocaldococcus jannaschii,0,0,0,0,0,0,0,1,0
NC_001771.1,5350,5.35,0.37271028,non-mobilizable,0,0,0.0,0,p__Thermoproteota,c__Thermoprotei_A,o__Sulfolobales,f__Sulfolobaceae,g__Saccharolobus,s__Saccharolobus islandicus,0,0,0,0,0,0,0,0,0
NC_001773.1,3444,3.444,0.43437863,non-mobilizable,0,0,0.0,0,p__Methanobacteriota_B,c__Thermococci,o__Thermococcales,f__Thermococcaceae,g__Pyrococcus,s__Pyrococcus abyssi,0,0,0,0,0,0,0,0,0
NC_001811.1,8285,8.285,0.272420036,non-mobilizable,0,0,0.0,0,p__Methanobacteriota,c__Methanococci,o__Methanococcales,f__Methanococcaceae,g__Methanococcus,s__Methanococcus maripaludis_D,0,0,0,0,0,0,0,0,0
NC_001869.1,191346,191.346,0.579087099,non-mobilizable,3,2,0.6365141682948128,1,p__Halobacteriota,c__Halobacteria,o__Halobacteriales,f__Halobacteriaceae,g__Halobacterium,s__Halobacterium salinarum,0,0,0,0,0,2,0,1,0
NC_002097.1,5467,5.467,0.375342967,non-mobilizable,0,0,0.0,0,p__Halobacteriota,c__Methanosarcinia,o__Methanosarcinales,f__Methanosarcinaceae,g__Methanosarcina,s__Methanosarcina acetivorans,0,0,0,0,0,0,0,0,0
NC_002101.1,6959,6.959,0.373616899,non-mobilizable,0,0,0.0,0,p__Thermoproteota,c__Thermoprotei_A,o__Sulfolobales,f__Sulfolobaceae,g__Saccharolobus,s__Saccharolobus islandicus,0,0,0,0,0,0,0,0,0
NC_002121.1,1736,1.736,0.641129032,non-mobilizable,0,0,0.0,0,p__Halobacteriota,c__Halobacteria,o__Halobacteriales,f__Halobacteriaceae,g__Halobacterium,s__Halobacterium salinarum,0,0,0,0,0,0,0,0,0
NC_002125.1,4439,4.439,0.454156342,non-mobilizable,0,0,0.0,0,p__Methanobacteriota,c__Methanobacteria,o__Methanobacteriales,f__Methanothermobacteraceae,g__Methanothermobacter,s__Methanothermobacter thermautotrophicus,0,0,0,0,0,0,0,0,0
NC_002608.1,365425,365.425,0.59224191,non-mobilizable,3,3,1.0986122886681096,1,p__Halobacteriota,c__Halobacteria,o__Halobacteriales,f__Halobacteriaceae,g__Halobacterium,s__Halobacterium salinarum,0,0,0,0,0,2,0,1,0
NC_004852.1,24554,24.554,0.373381119,conjugative,0,0,0.0,0,p__Thermoproteota,c__Thermoprotei_A,o__Sulfolobales,f__Sulfolobaceae,g__Saccharolobus,s__Saccharolobus islandicus,0,0,0,0,0,0,0,0,0
NC_004853.1,7830,7.83,0.350063857,non-mobilizable,0,0,0.0,0,p__Thermoproteota,c__Thermoprotei_A,o__Sulfolobales,f__Sulfolobaceae,g__Saccharolobus,s__Saccharolobus islandicus,0,0,0,0,0,0,0,0,0
NC_005562.1,7598,7.598,0.379705186,non-mobilizable,0,0,0.0,0,p__Thermoproteota,c__Thermoprotei_A,o__Sulfolobales,f__Sulfolobaceae,g__Acidianus,s__Acidianus ambivalens,0,0,0,0,0,0,0,0,0
NC_005907.1,4967,4.967,0.44030602,non-mobilizable,0,0,0.0,0,p__Thermoproteota,c__Thermoprotei_A,o__Sulfolobales,f__Sulfolobaceae,g__Saccharolobus,s__Saccharolobus solfataricus,0,0,0,0,0,0,0,0,0
NC_006389.1,33303,33.303,0.542533706,non-mobilizable,1,1,-0.0,1,p__Halobacteriota,c__Halobacteria,o__Halobacteriales,f__Haloarculaceae,g__Haloarcula,s__Haloarcula marismortui,0,0,0,0,0,1,0,0,0
NC_006390.1,33452,33.452,0.556259715,non-mobilizable,0,0,0.0,0,p__Halobacteriota,c__Halobacteria,o__Halobacteriales,f__Haloarculaceae,g__Haloarcula,s__Haloarcula marismortui,0,0,0,0,0,0,0,0,0
NC_006391.1,39521,39.521,0.600187242,non-mobilizable,0,0,0.0,0,p__Halobacteriota,c__Halobacteria,o__Halobacteriales,f__Haloarculaceae,g__Haloarcula,s__Haloarcula marismortui,0,0,0,0,0,0,0,0,0
NC_006392.1,50060,50.06,0.57349181,non-mobilizable,1,1,-0.0,1,p__Halobacteriota,c__Halobacteria,o__Halobacteriales,f__Haloarculaceae,g__Haloarcula,s__Haloarcula marismortui,0,0,1,0,0,0,0,0,0
NC_006393.1,132678,132.678,0.544822804,non-mobilizable,0,0,0.0,0,p__Halobacteriota,c__Halobacteria,o__Halobacteriales,f__Haloarculaceae,g__Haloarcula,s__Haloarcula marismortui,0,0,0,0,0,0,0,0,0
NC_006394.1,155300,155.3,0.583329041,non-mobilizable,3,3,1.0986122886681096,1,p__Halobacteriota,c__Halobacteria,o__Halobacteriales,f__Haloarculaceae,g__Haloarcula,s__Haloarcula marismortui,0,0,0,0,0,2,0,0,1
NC_006422.1,28930,28.93,0.371068095,conjugative,0,0,0.0,0,p__Thermoproteota,c__Thermoprotei_A,o__Sulfolobales,f__Sulfolobaceae,g__Saccharolobus,s__Saccharolobus islandicus,0,0,0,0,0,0,0,0,0
NC_006423.1,26200,26.2,0.362633588,non-mobilizable,0,0,0.0,0,p__Thermoproteota,c__Thermoprotei_A,o__Sulfolobales,f__Sulfolobaceae,g__Saccharolobus,s__Saccharolobus islandicus,0,0,0,0,0,0,0,0,0
NC_006424.1,26476,26.476,0.371015259,non-mobilizable,0,0,0.0,0,p__Thermoproteota,c__Thermoprotei_A,o__Sulfolobales,f__Sulfolobaceae,g__Saccharolobus,s__Saccharolobus islandicus,0,0,0,0,0,0,0,0,0
NC_006425.1,35422,35.422,0.373214387,conjugative,0,0,0.0,0,p__Thermoproteota,c__Thermoprotei_A,o__Sulfolobales,f__Sulfolobaceae,g__Saccharolobus,s__Saccharolobus islandicus,0,0,0,0,0,0,0,0,0
NC_007427.1,130989,130.989,0.572215988,non-mobilizable,0,0,0.0,0,p__Halobacteriota,c__Halobacteria,o__Halobacteriales,f__Haloarculaceae,g__Natronomonas,s__Natronomonas pharaonis,0,0,0,0,0,0,0,0,0
NC_007428.1,23486,23.486,0.605935451,non-mobilizable,0,0,0.0,0,p__Halobacteriota,c__Halobacteria,o__Halobacteriales,f__Haloarculaceae,g__Natronomonas,s__Natronomonas pharaonis,0,0,0,0,0,0,0,0,0
NC_008213.1,46867,46.867,0.476732029,non-mobilizable,1,1,-0.0,1,p__Halobacteriota,c__Halobacteria,o__Halobacteriales,f__Haloferacaceae,g__Haloquadratum,s__Haloquadratum walsbyi,0,0,0,0,0,0,0,1,0
NC_008696.1,31504,31.504,0.565420264,non-mobilizable,0,0,0.0,0,p__Thermoproteota,c__Thermoprotei,o__Thermofilales,f__Thermofilaceae,g__Thermofilum_B,s__Thermofilum_B pendens,0,0,0,0,0,0,0,0,0
NC_009136.1,8285,8.285,0.272420036,non-mobilizable,0,0,0.0,0,p__Methanobacteriota,c__Methanococci,o__Methanococcales,f__Methanococcaceae,g__Methanococcus,s__Methanococcus maripaludis_D,0,0,0,0,0,0,0,0,0
NC_009658.1,3619,3.619,0.458137607,non-mobilizable,0,0,0.0,0,p__Methanobacteriota_B,c__Thermococci,o__Thermococcales,f__Thermococcaceae,g__Thermococcus,s__Thermococcus nautili,0,0,0,0,0,0,0,0,0
NC_010011.1,5705,5.705,0.387204207,non-mobilizable,0,0,0.0,0,p__Thermoproteota,c__Thermoprotei_A,o__Sulfolobales,f__Sulfolobaceae,g__Saccharolobus,s__Saccharolobus islandicus,0,0,0,0,0,0,0,0,0
NC_010088.1,12041,12.041,0.613155054,non-mobilizable,0,0,0.0,0,p__Halobacteriota,c__Halobacteria,o__Halobacteriales,f__Halobacteriaceae,g__Halobacterium,s__Halobacterium salinarum,0,0,0,0,0,0,0,0,0
NC_010365.1,6970,6.97,0.394548063,non-mobilizable,0,0,0.0,0,p__Thermoproteota,c__Thermoprotei_A,o__Sulfolobales,f__Sulfolobaceae,g__Saccharolobus,s__Saccharolobus islandicus,0,0,0,0,0,0,0,0,0
NC_010366.1,147625,147.625,0.574482642,non-mobilizable,2,2,0.6931471805599453,1,p__Halobacteriota,c__Halobacteria,o__Halobacteriales,f__Halobacteriaceae,g__Halobacterium,s__Halobacterium salinarum,0,0,0,0,0,1,0,1,0
NC_010367.1,40894,40.894,0.579106959,non-mobilizable,1,1,-0.0,1,p__Halobacteriota,c__Halobacteria,o__Halobacteriales,f__Halobacteriaceae,g__Halobacterium,s__Halobacterium salinarum,0,0,0,0,0,0,0,1,0
NC_010369.1,194963,194.963,0.585900915,non-mobilizable,2,2,0.6931471805599453,1,p__Halobacteriota,c__Halobacteria,o__Halobacteriales,f__Halobacteriaceae,g__Halobacterium,s__Halobacterium salinarum,0,0,0,0,0,2,0,0,0
NC_010597.1,29000,29.0,0.358172414,non-mobilizable,0,0,0.0,0,p__Thermoproteota,c__Thermoprotei_A,o__Sulfolobales,f__Sulfolobaceae,g__Saccharolobus,s__Saccharolobus islandicus,0,0,0,0,0,0,0,0,0
NC_010598.1,25960,25.96,0.367334361,conjugative,0,0,0.0,0,p__Thermoproteota,c__Thermoprotei_A,o__Sulfolobales,f__Sulfolobaceae,g__Saccharolobus,s__Saccharolobus islandicus,0,0,0,0,0,0,0,0,0
NC_011299.1,28649,28.649,0.359209746,non-mobilizable,0,0,0.0,0,p__Thermoproteota,c__Thermoprotei_A,o__Sulfolobales,f__Sulfolobaceae,g__Acidianus,s__Acidianus hospitalis,0,0,0,0,0,0,0,0,0
NC_012030.1,431338,431.338,0.548609211,non-mobilizable,9,6,1.5810937501718236,1,p__Halobacteriota,c__Halobacteria,o__Halobacteriales,f__Haloferacaceae,g__Halorubrum,s__Halorubrum lacusprofundi,0,0,2,0,0,2,0,4,1
NC_012624.1,42245,42.245,0.361084152,non-mobilizable,1,1,-0.0,1,p__Thermoproteota,c__Thermoprotei_A,o__Sulfolobales,f__Sulfolobaceae,g__Saccharolobus,s__Saccharolobus islandicus,0,0,0,0,0,0,0,1,0
NC_012890.1,2802,2.802,0.398643826,non-mobilizable,0,0,0.0,0,p__Halobacteriota,c__Archaeoglobi,o__Archaeoglobales,f__Archaeoglobaceae,g__Archaeoglobus_B,s__Archaeoglobus_B profundus,0,0,0,0,0,0,0,0,0
NC_013157.1,22190,22.19,0.327850383,non-mobilizable,0,0,0.0,0,p__Methanobacteriota,c__Methanococci,o__Methanococcales,f__Methanocaldococcaceae,g__Methanocaldococcus,s__Methanocaldococcus fervens,0,0,0,0,0,0,0,0,0
NC_013201.1,221862,221.862,0.641515897,non-mobilizable,0,0,0.0,0,p__Halobacteriota,c__Halobacteria,o__Halobacteriales,f__Haloarculaceae,g__Halomicrobium,s__Halomicrobium mukohataei,0,0,0,0,0,0,0,0,0
NC_013408.1,10704,10.704,0.46319133,non-mobilizable,0,0,0.0,0,p__Methanobacteriota,c__Methanococci,o__Methanococcales,f__Methanocaldococcaceae,g__Methanocaldococcus,s__Methanocaldococcus vulcanius,0,0,0,0,0,0,0,0,0
NC_013409.1,4704,4.704,0.300807823,non-mobilizable,0,0,0.0,0,p__Methanobacteriota,c__Methanococci,o__Methanococcales,f__Methanocaldococcaceae,g__Methanocaldococcus,s__Methanocaldococcus vulcanius,0,0,0,0,0,0,0,0,0
NC_013536.1,2272,2.272,0.67693662,non-mobilizable,0,0,0.0,0,p__Halobacteriota,c__Halobacteria,o__Halobacteriales,f__Natrialbaceae,g__Natrinema,s__Natrinema thermotolerans,0,0,0,0,0,0,0,0,0
NC_013742.1,2801,2.801,0.398429132,non-mobilizable,0,0,0.0,0,p__Halobacteriota,c__Archaeoglobi,o__Archaeoglobales,f__Archaeoglobaceae,g__Archaeoglobus_B,s__Archaeoglobus_B profundus,0,0,0,0,0,0,0,0,0
NC_013744.1,698495,698.495,0.611589202,non-mobilizable,2,2,0.6931471805599453,1,p__Halobacteriota,c__Halobacteria,o__Halobacteriales,f__Natrialbaceae,g__Haloterrigena,s__Haloterrigena turkmenica,0,0,0,0,0,2,0,0,0
NC_013745.1,413648,413.648,0.597537036,non-mobilizable,0,0,0.0,0,p__Halobacteriota,c__Halobacteria,o__Halobacteriales,f__Natrialbaceae,g__Haloterrigena,s__Haloterrigena turkmenica,0,0,0,0,0,0,0,0,0
NC_013746.1,180781,180.781,0.547297559,non-mobilizable,1,1,-0.0,1,p__Halobacteriota,c__Halobacteria,o__Halobacteriales,f__Natrialbaceae,g__Haloterrigena,s__Haloterrigena turkmenica,0,0,0,0,0,1,0,0,0
NC_013747.1,171943,171.943,0.646086203,non-mobilizable,0,0,0.0,0,p__Halobacteriota,c__Halobacteria,o__Halobacteriales,f__Natrialbaceae,g__Haloterrigena,s__Haloterrigena turkmenica,0,0,0,0,0,0,0,0,0
NC_013748.1,71062,71.062,0.599560947,non-mobilizable,0,0,0.0,0,p__Halobacteriota,c__Halobacteria,o__Halobacteriales,f__Natrialbaceae,g__Haloterrigena,s__Haloterrigena turkmenica,0,0,0,0,0,0,0,0,0
NC_013749.1,15815,15.815,0.581473285,non-mobilizable,0,0,0.0,0,p__Halobacteriota,c__Halobacteria,o__Halobacteriales,f__Natrialbaceae,g__Haloterrigena,s__Haloterrigena turkmenica,0,0,0,0,0,0,0,0,0
NC_013770.1,26615,26.615,0.361412737,non-mobilizable,0,0,0.0,0,p__Thermoproteota,c__Thermoprotei_A,o__Sulfolobales,f__Sulfolobaceae,g__Saccharolobus,s__Saccharolobus islandicus,0,0,0,0,0,0,0,0,0
NC_013777.1,5740,5.74,0.390418118,non-mobilizable,0,0,0.0,0,p__Thermoproteota,c__Thermoprotei_A,o__Sulfolobales,f__Sulfolobaceae,g__Saccharolobus,s__Saccharolobus solfataricus,0,0,0,0,0,0,0,0,0
NC_013888.1,12197,12.197,0.316471263,non-mobilizable,0,0,0.0,0,p__Methanobacteriota,c__Methanococci,o__Methanococcales,f__Methanocaldococcaceae,g__Methanocaldococcus,s__Methanocaldococcus sp000025525,0,0,0,0,0,0,0,0,0
NC_013923.1,378348,378.348,0.600917674,non-mobilizable,1,1,-0.0,1,p__Halobacteriota,c__Halobacteria,o__Halobacteriales,f__Natrialbaceae,g__Natrialba,s__Natrialba magadii,0,0,0,0,0,0,1,0,0
NC_013924.1,254950,254.95,0.568232987,non-mobilizable,1,1,-0.0,1,p__Halobacteriota,c__Halobacteria,o__Halobacteriales,f__Natrialbaceae,g__Natrialba,s__Natrialba magadii,0,0,0,0,0,1,0,0,0
NC_013925.1,58487,58.487,0.618992255,non-mobilizable,0,0,0.0,0,p__Halobacteriota,c__Halobacteria,o__Halobacteriales,f__Natrialbaceae,g__Natrialba,s__Natrialba magadii,0,0,0,0,0,0,0,0,0
NC_013964.1,437906,437.906,0.655595036,non-mobilizable,0,0,0.0,0,p__Halobacteriota,c__Halobacteria,o__Halobacteriales,f__Haloferacaceae,g__Haloferax,s__Haloferax volcanii,0,0,0,0,0,0,0,0,0
NC_013965.1,6359,6.359,0.560622739,non-mobilizable,0,0,0.0,0,p__Halobacteriota,c__Halobacteria,o__Halobacteriales,f__Haloferacaceae,g__Haloferax,s__Haloferax volcanii,0,0,0,0,0,0,0,0,0
NC_013966.1,635786,635.786,0.616652459,non-mobilizable,4,4,1.3862943611198906,1,p__Halobacteriota,c__Halobacteria,o__Halobacteriales,f__Haloferacaceae,g__Haloferax,s__Haloferax volcanii,0,0,1,0,0,1,0,2,0
NC_013968.1,85092,85.092,0.554987543,non-mobilizable,1,1,-0.0,1,p__Halobacteriota,c__Halobacteria,o__Halobacteriales,f__Haloferacaceae,g__Haloferax,s__Haloferax volcanii,0,0,0,1,0,0,0,0,0
NC_014115.1,13015,13.015,0.483672685,non-mobilizable,0,0,0.0,0,p__Methanobacteriota_B,c__Thermococci,o__Thermococcales,f__Thermococcaceae,g__Thermococcus,s__Thermococcus nautili,0,0,0,0,0,0,0,0,0
NC_014254.1,163915,163.915,0.336363359,non-mobilizable,1,1,-0.0,1,p__Halobacteriota,c__Methanosarcinia,o__Methanosarcinales,f__Methanosarcinaceae,g__Methanohalobium,s__Methanohalobium evestigatum,0,0,0,0,0,1,0,0,0
NC_014298.1,406285,406.285,0.552656387,non-mobilizable,2,2,0.6931471805599453,1,p__Halobacteriota,c__Halobacteria,o__Halobacteriales,f__Halalkalicoccaceae,g__Halalkalicoccus,s__Halalkalicoccus jeotgali,0,0,0,0,0,2,0,0,0
NC_014299.1,363534,363.534,0.54163297,conjugative,1,1,-0.0,1,p__Halobacteriota,c__Halobacteria,o__Halobacteriales,f__Halalkalicoccaceae,g__Halalkalicoccus,s__Halalkalicoccus jeotgali,0,0,0,0,0,0,0,1,0
NC_014300.1,44576,44.576,0.589016511,non-mobilizable,1,1,-0.0,1,p__Halobacteriota,c__Halobacteria,o__Halobacteriales,f__Halalkalicoccaceae,g__Halalkalicoccus,s__Halalkalicoccus jeotgali,0,0,0,0,0,1,0,0,0
NC_014301.1,44459,44.459,0.549112666,non-mobilizable,1,1,-0.0,1,p__Halobacteriota,c__Halobacteria,o__Halobacteriales,f__Halalkalicoccaceae,g__Halalkalicoccus,s__Halalkalicoccus jeotgali,0,0,0,0,0,0,0,1,0
NC_014302.1,23727,23.727,0.476419269,non-mobilizable,0,0,0.0,0,p__Halobacteriota,c__Halobacteria,o__Halobacteriales,f__Halalkalicoccaceae,g__Halalkalicoccus,s__Halalkalicoccus jeotgali,0,0,0,0,0,0,0,0,0
NC_014303.1,6951,6.951,0.605955978,non-mobilizable,0,0,0.0,0,p__Halobacteriota,c__Halobacteria,o__Halobacteriales,f__Halalkalicoccaceae,g__Halalkalicoccus,s__Halalkalicoccus jeotgali,0,0,0,0,0,0,0,0,0
NC_014409.1,4440,4.44,0.454054054,non-mobilizable,0,0,0.0,0,p__Methanobacteriota,c__Methanobacteria,o__Methanobacteriales,f__Methanothermobacteraceae,g__Methanothermobacter,s__Methanothermobacter marburgensis,0,0,0,0,0,0,0,0,0
NC_014731.1,339010,339.01,0.57257603,non-mobilizable,0,0,0.0,0,p__Halobacteriota,c__Halobacteria,o__Halobacteriales,f__Haloferacaceae,g__Halogeometricum,s__Halogeometricum borinquense,0,0,0,0,0,0,0,0,0
NC_014732.1,194834,194.834,0.588270014,non-mobilizable,0,0,0.0,0,p__Halobacteriota,c__Halobacteria,o__Halobacteriales,f__Haloferacaceae,g__Halogeometricum,s__Halogeometricum borinquense,0,0,0,0,0,0,0,0,0
NC_014735.1,362194,362.194,0.561017024,non-mobilizable,0,0,0.0,0,p__Halobacteriota,c__Halobacteria,o__Halobacteriales,f__Haloferacaceae,g__Halogeometricum,s__Halogeometricum borinquense,0,0,0,0,0,0,0,0,0
NC_014736.1,210350,210.35,0.564559068,non-mobilizable,1,1,-0.0,1,p__Halobacteriota,c__Halobacteria,o__Halobacteriales,f__Haloferacaceae,g__Halogeometricum,s__Halogeometricum borinquense,0,0,0,0,0,1,0,0,0
NC_014737.1,17535,17.535,0.646478472,non-mobilizable,0,0,0.0,0,p__Halobacteriota,c__Halobacteria,o__Halobacteriales,f__Haloferacaceae,g__Halogeometricum,s__Halogeometricum borinquense,0,0,0,0,0,0,0,0,0
NC_015430.1,18019,18.019,0.438814585,non-mobilizable,0,0,0.0,0,p__Halobacteriota,c__Methanosarcinia,o__Methanotrichales,f__Methanotrichaceae,g__Methanothrix,s__Methanothrix soehngenii,0,0,0,0,0,0,0,0,0
NC_015471.1,54159,54.159,0.383223472,non-mobilizable,3,3,1.0986122886681096,1,p__Methanobacteriota_B,c__Thermococci,o__Thermococcales,f__Thermococcaceae,g__Thermococcus_B,s__Thermococcus_B barophilus,0,0,0,0,0,1,0,2,0
NC_015632.1,14930,14.93,0.2683858,non-mobilizable,0,0,0.0,0,p__Methanobacteriota,c__Methanococci,o__Methanococcales,f__Methanococcaceae,g__Methanothermococcus_A,s__Methanothermococcus_A okinawensis,0,0,0,0,0,0,0,0,0
NC_015658.1,436718,436.718,0.615321558,non-mobilizable,1,1,-0.0,1,p__Halobacteriota,c__Halobacteria,o__Halobacteriales,f__Natrialbaceae,g__Halopiger,s__Halopiger xanaduensis,0,0,0,0,0,1,0,0,0
NC_015659.1,68763,68.763,0.621511569,non-mobilizable,0,0,0.0,0,p__Halobacteriota,c__Halobacteria,o__Halobacteriales,f__Natrialbaceae,g__Halopiger,s__Halopiger xanaduensis,0,0,0,0,0,0,0,0,0
NC_015667.1,181778,181.778,0.589972384,non-mobilizable,2,2,0.6931471805599453,1,p__Halobacteriota,c__Halobacteria,o__Halobacteriales,f__Natrialbaceae,g__Halopiger,s__Halopiger xanaduensis,0,0,0,0,0,2,0,0,0
NC_015944.1,405816,405.816,0.598872395,non-mobilizable,0,0,0.0,0,p__Halobacteriota,c__Halobacteria,o__Halobacteriales,f__Haloarculaceae,g__Haloarcula,s__Haloarcula hispanica,0,0,0,0,0,0,0,0,0
NC_016049.1,7646,7.646,0.305388438,non-mobilizable,0,0,0.0,0,p__Thermoplasmatota,c__Thermoplasmata,o__Thermoplasmatales,f__Thermoplasmataceae,g__Picrophilus,s__Picrophilus oshimae,0,0,0,0,0,0,0,0,0
NC_016637.1,11991,11.991,0.539738137,non-mobilizable,0,0,0.0,0,p__Halobacteriota,c__Methanosarcinia,o__Methanotrichales,f__Methanotrichaceae,g__Methanothrix_A,s__Methanothrix_A harundinacea_E,0,0,0,0,0,0,0,0,0
NC_017457.1,100258,100.258,0.438568493,non-mobilizable,2,2,0.6931471805599453,1,p__Halobacteriota,c__Halobacteria,o__Halobacteriales,f__Haloferacaceae,g__Haloquadratum,s__Haloquadratum walsbyi,0,0,0,0,0,0,0,2,0
NC_017458.1,6056,6.056,0.520310436,non-mobilizable,0,0,0.0,0,p__Halobacteriota,c__Halobacteria,o__Halobacteriales,f__Haloferacaceae,g__Haloquadratum,s__Haloquadratum walsbyi,0,0,0,0,0,0,0,0,0
NC_017460.1,6129,6.129,0.51052374,non-mobilizable,0,0,0.0,0,p__Halobacteriota,c__Halobacteria,o__Halobacteriales,f__Haloferacaceae,g__Haloquadratum,s__Haloquadratum walsbyi,0,0,0,0,0,0,0,0,0
NC_017942.1,129210,129.21,0.575574646,non-mobilizable,0,0,0.0,0,p__Halobacteriota,c__Halobacteria,o__Halobacteriales,f__Haloferacaceae,g__Haloferax,s__Haloferax mediterranei,0,0,0,0,0,0,0,0,0
NC_017943.1,321908,321.908,0.5789853,non-mobilizable,0,0,0.0,0,p__Halobacteriota,c__Halobacteria,o__Halobacteriales,f__Haloferacaceae,g__Haloferax,s__Haloferax mediterranei,0,0,0,0,0,0,0,0,0
NC_017944.1,504705,504.705,0.575102287,non-mobilizable,1,1,-0.0,1,p__Halobacteriota,c__Halobacteria,o__Halobacteriales,f__Haloferacaceae,g__Haloferax,s__Haloferax mediterranei,0,0,1,0,0,0,0,0,0
NC_018225.1,95989,95.989,0.586046318,non-mobilizable,4,3,1.0397207708399179,1,p__Halobacteriota,c__Halobacteria,o__Halobacteriales,f__Natrialbaceae,g__Natrinema,s__Natrinema gari,1,0,0,0,0,1,0,2,0
NC_019285.1,10795,10.795,0.610004632,non-mobilizable,0,0,0.0,0,p__Halobacteriota,c__Halobacteria,o__Halobacteriales,f__Haloferacaceae,g__Haloferax,s__Haloferax volcanii,0,0,0,0,0,0,0,0,0
NC_019963.1,275821,275.821,0.58344361,non-mobilizable,4,3,1.0397207708399179,1,p__Halobacteriota,c__Halobacteria,o__Halobacteriales,f__Natrialbaceae,g__Natrinema,s__Natrinema pellirubrum,1,0,0,0,0,0,0,2,1
NC_019967.1,287800,287.8,0.570128562,non-mobilizable,0,0,0.0,0,p__Halobacteriota,c__Halobacteria,o__Halobacteriales,f__Natrialbaceae,g__Natrinema,s__Natrinema pellirubrum,0,0,0,0,0,0,0,0,0
NC_019972.1,285109,285.109,0.354173316,non-mobilizable,2,2,0.6931471805599453,1,p__Halobacteriota,c__Methanosarcinia,o__Methanosarcinales,f__Methanosarcinaceae,g__Methanomethylovorans,s__Methanomethylovorans hollandica,0,0,0,0,0,1,0,1,0
NC_019975.1,12939,12.939,0.548419507,non-mobilizable,0,0,0.0,0,p__Halobacteriota,c__Halobacteria,o__Halobacteriales,f__Natrialbaceae,g__Natronococcus,s__Natronococcus occultus,0,0,0,0,0,0,0,0,0
NC_019976.1,287963,287.963,0.613120436,non-mobilizable,0,0,0.0,0,p__Halobacteriota,c__Halobacteria,o__Halobacteriales,f__Natrialbaceae,g__Natronococcus,s__Natronococcus occultus,0,0,0,0,0,0,0,0,0
NC_021913.1,330369,330.369,0.574094422,non-mobilizable,6,5,1.5607104090414063,1,p__Halobacteriota,c__Halobacteria,o__Halobacteriales,f__Haloarculaceae,g__Halorhabdus,s__Halorhabdus tiamatea,2,0,0,1,0,1,0,2,0
NC_021914.1,27975,27.975,0.395460232,non-mobilizable,0,0,0.0,0,p__Thermoproteota,c__Thermoprotei_A,o__Sulfolobales,f__Sulfolobaceae,g__Saccharolobus,s__Saccharolobus solfataricus,0,0,0,0,0,0,0,0,0
NC_023011.1,125764,125.764,0.553139213,non-mobilizable,2,2,0.6931471805599453,1,p__Halobacteriota,c__Halobacteria,o__Halobacteriales,f__Haloarculaceae,g__Haloarcula,s__Haloarcula hispanica,0,0,1,0,0,1,0,0,0
NC_025188.1,13053,13.053,0.663755459,non-mobilizable,0,0,0.0,0,p__Halobacteriota,c__Halobacteria,o__Halobacteriales,f__Haloferacaceae,g__Halorubrum,s__Halorubrum sp000296615,0,0,0,0,0,0,0,0,0
NZ_AP011527.1,12084,12.084,0.289142668,non-mobilizable,0,0,0.0,0,p__Methanobacteriota,c__Methanococci,o__Methanococcales,f__Methanococcaceae,g__Methanococcus,s__Methanococcus maripaludis,0,0,0,0,0,0,0,0,0
NZ_AP011953.1,11015,11.015,0.425056741,non-mobilizable,0,0,0.0,0,p__Methanobacteriota,c__Methanobacteria,o__Methanobacteriales,f__Methanothermobacteraceae,g__Methanothermobacter,s__Methanothermobacter sp000828575,0,0,0,0,0,0,0,0,0
NZ_AP017559.1,138020,138.02,0.53203159,non-mobilizable,2,2,0.6931471805599453,1,p__Halobacteriota,c__Halobacteria,o__Halobacteriales,f__Haloferacaceae,g__Halopenitus,s__Halopenitus persicus_A,0,0,0,0,0,1,0,0,1
NZ_AP017570.1,141523,141.523,0.564713863,non-mobilizable,3,2,0.6365141682948128,1,p__Halobacteriota,c__Halobacteria,o__Halobacteriales,f__Haloferacaceae,g__Halorubrum,s__Halorubrum trapanicum_A,1,0,0,0,0,0,0,2,0
NZ_AP017571.1,103081,103.081,0.577128666,non-mobilizable,1,1,-0.0,1,p__Halobacteriota,c__Halobacteria,o__Halobacteriales,f__Haloferacaceae,g__Halorubrum,s__Halorubrum trapanicum_A,0,0,0,0,0,1,0,0,0
NZ_AP025699.1,22428,22.428,0.38407348,non-mobilizable,0,0,0.0,0,p__Methanobacteriota,c__Methanobacteria,o__Methanobacteriales,f__Methanothermobacteraceae_A,g__Methanothermobacter_A,s__Methanothermobacter_A tenebrarum,0,0,0,0,0,0,0,0,0
NZ_CP007056.1,573680,573.68,0.59826384,non-mobilizable,0,0,0.0,0,p__Halobacteriota,c__Halobacteria,o__Halobacteriales,f__Natrialbaceae,g__Halostagnicola,s__Halostagnicola larsenii,0,0,0,0,0,0,0,0,0
NZ_CP007057.1,464581,464.581,0.569696135,non-mobilizable,1,1,-0.0,1,p__Halobacteriota,c__Halobacteria,o__Halobacteriales,f__Natrialbaceae,g__Halostagnicola,s__Halostagnicola larsenii,0,0,0,0,0,1,0,0,0
NZ_CP007058.1,172663,172.663,0.591921836,non-mobilizable,0,0,0.0,0,p__Halobacteriota,c__Halobacteria,o__Halobacteriales,f__Natrialbaceae,g__Halostagnicola,s__Halostagnicola larsenii,0,0,0,0,0,0,0,0,0
NZ_CP007059.1,130926,130.926,0.594236439,non-mobilizable,0,0,0.0,0,p__Halobacteriota,c__Halobacteria,o__Halobacteriales,f__Natrialbaceae,g__Halostagnicola,s__Halostagnicola larsenii,0,0,0,0,0,0,0,0,0
NZ_CP007552.1,131983,131.983,0.572703018,non-mobilizable,0,0,0.0,0,p__Halobacteriota,c__Halobacteria,o__Halobacteriales,f__Haloferacaceae,g__Haloferax,s__Haloferax mediterranei,0,0,0,0,0,0,0,0,0
NZ_CP007554.1,505931,505.931,0.575062522,non-mobilizable,1,1,-0.0,1,p__Halobacteriota,c__Halobacteria,o__Halobacteriales,f__Haloferacaceae,g__Haloferax,s__Haloferax mediterranei,0,0,1,0,0,0,0,0,0
NZ_CP008875.1,124256,124.256,0.5540658,non-mobilizable,4,3,1.0397207708399179,1,p__Halobacteriota,c__Halobacteria,o__Halobacteriales,f__Halobacteriaceae,g__Halanaeroarchaeum,s__Halanaeroarchaeum sulfurireducens,1,0,0,0,0,1,0,2,0
NZ_CP008888.1,3629,3.629,0.467070818,non-mobilizable,0,0,0.0,0,p__Methanobacteriota_B,c__Thermococci,o__Thermococcales,f__Thermococcaceae,g__Thermococcus,s__Thermococcus eurythermalis,0,0,0,0,0,0,0,0,0
NZ_CP009519.1,58133,58.133,0.345432027,non-mobilizable,0,0,0.0,0,p__Halobacteriota,c__Methanosarcinia,o__Methanosarcinales,f__Methanosarcinaceae,g__Methanosarcina,s__Methanosarcina vacuolata,0,0,0,0,0,0,0,0,0
NZ_CP009523.1,54381,54.381,0.343152939,non-mobilizable,0,0,0.0,0,p__Halobacteriota,c__Methanosarcinia,o__Methanosarcinales,f__Methanosarcinaceae,g__Methanosarcina,s__Methanosarcina vacuolata,0,0,0,0,0,0,0,0,0
NZ_CP009525.1,32371,32.371,0.343213921,non-mobilizable,0,0,0.0,0,p__Halobacteriota,c__Methanosarcinia,o__Methanosarcinales,f__Methanosarcinaceae,g__Methanosarcina,s__Methanosarcina barkeri_B,0,0,0,0,0,0,0,0,0
NZ_CP009527.1,41698,41.698,0.358458439,non-mobilizable,0,0,0.0,0,p__Halobacteriota,c__Methanosarcinia,o__Methanosarcinales,f__Methanosarcinaceae,g__Methanosarcina,s__Methanosarcina barkeri,0,0,0,0,0,0,0,0,0
NZ_CP009529.1,39586,39.586,0.357879048,non-mobilizable,0,0,0.0,0,p__Halobacteriota,c__Methanosarcinia,o__Methanosarcinales,f__Methanosarcinaceae,g__Methanosarcina,s__Methanosarcina barkeri,0,0,0,0,0,0,0,0,0
NZ_CP010530.1,405316,405.316,0.598515726,non-mobilizable,0,0,0.0,0,p__Halobacteriota,c__Halobacteria,o__Halobacteriales,f__Haloarculaceae,g__Haloarcula,s__Haloarcula hispanica,0,0,0,0,0,0,0,0,0
NZ_CP010531.1,133853,133.853,0.553891209,non-mobilizable,1,1,-0.0,1,p__Halobacteriota,c__Halobacteria,o__Halobacteriales,f__Haloarculaceae,g__Haloarcula,s__Haloarcula hispanica,0,0,0,0,0,0,0,1,0
NZ_CP010532.1,116496,116.496,0.542035778,non-mobilizable,2,2,0.6931471805599453,1,p__Halobacteriota,c__Halobacteria,o__Halobacteriales,f__Haloarculaceae,g__Haloarcula,s__Haloarcula hispanica,0,0,0,0,0,0,0,1,1
NZ_CP010533.1,104322,104.322,0.537489695,non-mobilizable,1,1,-0.0,1,p__Halobacteriota,c__Halobacteria,o__Halobacteriales,f__Haloarculaceae,g__Haloarcula,s__Haloarcula hispanica,0,0,0,0,0,1,0,0,0
NZ_CP010534.1,41915,41.915,0.618179649,non-mobilizable,0,0,0.0,0,p__Halobacteriota,c__Halobacteria,o__Halobacteriales,f__Haloarculaceae,g__Haloarcula,s__Haloarcula hispanica,0,0,0,0,0,0,0,0,0
NZ_CP011565.1,124256,124.256,0.553961177,non-mobilizable,4,3,1.0397207708399179,1,p__Halobacteriota,c__Halobacteria,o__Halobacteriales,f__Halobacteriaceae,g__Halanaeroarchaeum,s__Halanaeroarchaeum sulfurireducens,1,0,0,0,0,1,0,2,0
NZ_CP011948.1,488062,488.062,0.645786806,non-mobilizable,0,0,0.0,0,p__Halobacteriota,c__Halobacteria,o__Halobacteriales,f__Haloferacaceae,g__Haloferax,s__Haloferax gibbonsii,0,0,0,0,0,0,0,0,0
NZ_CP011949.1,335881,335.881,0.668537369,non-mobilizable,0,0,0.0,0,p__Halobacteriota,c__Halobacteria,o__Halobacteriales,f__Haloferacaceae,g__Haloferax,s__Haloferax gibbonsii,0,0,0,0,0,0,0,0,0
NZ_CP011950.1,113655,113.655,0.528450134,non-mobilizable,0,0,0.0,0,p__Halobacteriota,c__Halobacteria,o__Halobacteriales,f__Haloferacaceae,g__Haloferax,s__Haloferax gibbonsii,0,0,0,0,0,0,0,0,0
NZ_CP011951.1,35465,35.465,0.539940787,non-mobilizable,0,0,0.0,0,p__Halobacteriota,c__Halobacteria,o__Halobacteriales,f__Haloferacaceae,g__Haloferax,s__Haloferax gibbonsii,0,0,0,0,0,0,0,0,0
NZ_CP014751.1,49106,49.106,0.519875372,non-mobilizable,1,1,-0.0,1,p__Methanobacteriota_B,c__Thermococci,o__Thermococcales,f__Thermococcaceae,g__Thermococcus,s__Thermococcus peptonophilus,0,0,0,0,0,1,0,0,0
NZ_CP014863.1,38045,38.045,0.439137863,non-mobilizable,0,0,0.0,0,p__Methanobacteriota_B,c__Thermococci,o__Thermococcales,f__Thermococcaceae,g__Thermococcus,s__Thermococcus profundus,0,0,0,0,0,0,0,0,0
NZ_CP019068.1,276813,276.813,0.61186794,non-mobilizable,4,4,1.3862943611198906,1,p__Halobacteriota,c__Halobacteria,o__Halobacteriales,f__Haloarculaceae,g__Halorientalis,s__Halorientalis sp001989615,0,0,0,0,0,2,0,1,1
NZ_CP019069.1,120563,120.563,0.651742243,non-mobilizable,0,0,0.0,0,p__Halobacteriota,c__Halobacteria,o__Halobacteriales,f__Haloarculaceae,g__Halorientalis,s__Halorientalis sp001989615,0,0,0,0,0,0,0,0,0
NZ_CP019156.1,129893,129.893,0.553101399,non-mobilizable,1,1,-0.0,1,p__Halobacteriota,c__Halobacteria,o__Halobacteriales,f__Haloarculaceae,g__Haloarcula,s__Haloarcula taiwanensis,0,0,0,0,0,0,0,1,0
NZ_CP019157.1,100322,100.322,0.556976536,non-mobilizable,1,1,-0.0,1,p__Halobacteriota,c__Halobacteria,o__Halobacteriales,f__Haloarculaceae,g__Haloarcula,s__Haloarcula taiwanensis,0,0,0,0,0,0,0,1,0
NZ_CP019286.1,216196,216.196,0.56411312,non-mobilizable,2,2,0.6931471805599453,1,p__Halobacteriota,c__Halobacteria,o__Halobacteriales,f__Natrialbaceae,g__Halobiforma,s__Halobiforma lacisalsi,0,0,1,0,0,1,0,0,0
NZ_CP019287.1,3760,3.76,0.613297872,non-mobilizable,0,0,0.0,0,p__Halobacteriota,c__Halobacteria,o__Halobacteriales,f__Natrialbaceae,g__Halobiforma,s__Halobiforma lacisalsi,0,0,0,0,0,0,0,0,0
NZ_CP019328.1,202531,202.531,0.609748631,non-mobilizable,2,2,0.6931471805599453,1,p__Halobacteriota,c__Halobacteria,o__Halobacteriales,f__Natrialbaceae,g__Natronorubrum,s__Natronorubrum daqingense,0,0,0,0,0,1,0,1,0
NZ_CP019329.1,180835,180.835,0.559714657,non-mobilizable,2,1,-0.0,1,p__Halobacteriota,c__Halobacteria,o__Halobacteriales,f__Natrialbaceae,g__Natronorubrum,s__Natronorubrum daqingense,0,0,0,0,0,0,0,2,0
NZ_CP019330.1,54993,54.993,0.576637027,non-mobilizable,0,0,0.0,0,p__Halobacteriota,c__Halobacteria,o__Halobacteriales,f__Natrialbaceae,g__Natronorubrum,s__Natronorubrum daqingense,0,0,0,0,0,0,0,0,0
NZ_CP024045.1,101047,101.047,0.526606431,non-mobilizable,1,1,-0.0,1,p__Halobacteriota,c__Halobacteria,o__Halobacteriales,f__Natrialbaceae,g__Natrarchaeobaculum,s__Natrarchaeobaculum sulfurireducens,0,0,0,0,0,0,0,1,0
NZ_CP024046.1,166472,166.472,0.567032294,non-mobilizable,0,0,0.0,0,p__Halobacteriota,c__Halobacteria,o__Halobacteriales,f__Natrialbaceae,g__Natrarchaeobaculum,s__Natrarchaeobaculum sulfurireducens,0,0,0,0,0,0,0,0,0
NZ_CP026310.1,237003,237.003,0.575507483,non-mobilizable,0,0,0.0,0,p__Halobacteriota,c__Halobacteria,o__Halobacteriales,f__Haloferacaceae,g__Salinigranum,s__Salinigranum rubrum,0,0,0,0,0,0,0,0,0
NZ_CP026311.1,198037,198.037,0.591833849,non-mobilizable,3,2,0.6365141682948128,1,p__Halobacteriota,c__Halobacteria,o__Halobacteriales,f__Haloferacaceae,g__Salinigranum,s__Salinigranum rubrum,0,1,0,0,0,2,0,0,0
NZ_CP026312.1,118877,118.877,0.588499037,non-mobilizable,2,1,-0.0,1,p__Halobacteriota,c__Halobacteria,o__Halobacteriales,f__Haloferacaceae,g__Salinigranum,s__Salinigranum rubrum,0,0,0,0,0,2,0,0,0
NZ_CP026313.1,129442,129.442,0.578645262,non-mobilizable,1,1,-0.0,1,p__Halobacteriota,c__Halobacteria,o__Halobacteriales,f__Haloferacaceae,g__Salinigranum,s__Salinigranum rubrum,0,0,0,0,0,0,0,0,1
NZ_CP026314.1,39196,39.196,0.632462496,non-mobilizable,0,0,0.0,0,p__Halobacteriota,c__Halobacteria,o__Halobacteriales,f__Haloferacaceae,g__Salinigranum,s__Salinigranum rubrum,0,0,0,0,0,0,0,0,0
NZ_CP027032.1,235493,235.493,0.569362996,non-mobilizable,3,3,1.0986122886681096,1,p__Halobacteriota,c__Halobacteria,o__Halobacteriales,f__Natrialbaceae,g__Natrarchaeobaculum,s__Natrarchaeobaculum sulfurireducens,0,0,0,0,0,1,0,1,1
NZ_CP030065.1,300774,300.774,0.570168964,non-mobilizable,2,2,0.6931471805599453,1,p__Halobacteriota,c__Halobacteria,o__Halobacteriales,f__Haloferacaceae,g__Halorubrum,s__Halorubrum sp003990725,0,0,0,0,0,1,0,1,0
NZ_CP031147.1,225191,225.191,0.571781288,non-mobilizable,6,4,1.3296613488547582,1,p__Halobacteriota,c__Halobacteria,o__Halobacteriales,f__Haloferacaceae,g__Haloplanus,s__Haloplanus rubicundus,2,1,0,0,0,0,0,3,0
NZ_CP031149.1,147062,147.062,0.566849356,non-mobilizable,1,1,-0.0,1,p__Halobacteriota,c__Halobacteria,o__Halobacteriales,f__Haloferacaceae,g__Haloplanus,s__Haloplanus rubicundus,0,0,0,0,0,1,0,0,0
NZ_CP031151.1,112309,112.309,0.581164466,non-mobilizable,1,1,-0.0,1,p__Halobacteriota,c__Halobacteria,o__Halobacteriales,f__Haloferacaceae,g__Haloplanus,s__Haloplanus rubicundus,0,0,0,0,0,0,0,0,1
NZ_CP031152.1,91783,91.783,0.588682,non-mobilizable,1,1,-0.0,1,p__Halobacteriota,c__Halobacteria,o__Halobacteriales,f__Haloferacaceae,g__Haloplanus,s__Haloplanus rubicundus,0,1,0,0,0,0,0,0,0
NZ_CP031306.1,827667,827.667,0.593688041,non-mobilizable,2,2,0.6931471805599453,1,p__Halobacteriota,c__Halobacteria,o__Halobacteriales,f__Natrialbaceae,g__Natronorubrum,s__Natronorubrum bangense,0,0,0,0,0,2,0,0,0
NZ_CP031307.1,213905,213.905,0.590364882,non-mobilizable,0,0,0.0,0,p__Halobacteriota,c__Halobacteria,o__Halobacteriales,f__Natrialbaceae,g__Natronorubrum,s__Natronorubrum bangense,0,0,0,0,0,0,0,0,0
NZ_CP031308.1,146189,146.189,0.553851521,non-mobilizable,1,1,-0.0,1,p__Halobacteriota,c__Halobacteria,o__Halobacteriales,f__Natrialbaceae,g__Natronorubrum,s__Natronorubrum bangense,0,0,0,0,0,1,0,0,0
NZ_CP031309.1,115465,115.465,0.576659594,non-mobilizable,0,0,0.0,0,p__Halobacteriota,c__Halobacteria,o__Halobacteriales,f__Natrialbaceae,g__Natronorubrum,s__Natronorubrum bangense,0,0,0,0,0,0,0,0,0
NZ_CP031312.1,397862,397.862,0.659032529,non-mobilizable,0,0,0.0,0,p__Halobacteriota,c__Halobacteria,o__Halobacteriales,f__Haloferacaceae,g__Halobellus,s__Halobellus limi,0,0,0,0,0,0,0,0,0
NZ_CP031313.1,207965,207.965,0.566946361,non-mobilizable,0,0,0.0,0,p__Halobacteriota,c__Halobacteria,o__Halobacteriales,f__Haloferacaceae,g__Halobellus,s__Halobellus limi,0,0,0,0,0,0,0,0,0
NZ_CP031314.1,185668,185.668,0.598476851,non-mobilizable,1,1,-0.0,1,p__Halobacteriota,c__Halobacteria,o__Halobacteriales,f__Haloferacaceae,g__Halobellus,s__Halobellus limi,0,0,0,0,0,1,0,0,0
NZ_CP034146.1,41138,41.138,0.567674656,non-mobilizable,1,1,-0.0,1,p__Halobacteriota,c__Halobacteria,o__Halobacteriales,f__Haloferacaceae,g__Haloplanus,s__Haloplanus aerogenes,0,0,0,0,0,0,0,1,0
NZ_CP034344.1,267815,267.815,0.584407147,non-mobilizable,3,3,1.0986122886681096,1,p__Halobacteriota,c__Halobacteria,o__Halobacteriales,f__Haloferacaceae,g__Haloplanus,s__Haloplanus salinarum,0,0,0,0,0,1,0,0,2
NZ_CP034690.1,13972,13.972,0.675994847,non-mobilizable,0,0,0.0,0,p__Halobacteriota,c__Halobacteria,o__Halobacteriales,f__Haloferacaceae,g__Halorubrum,s__Halorubrum sp004114375,0,0,0,0,0,0,0,0,0
NZ_CP034691.1,117216,117.216,0.548184548,non-mobilizable,1,1,-0.0,1,p__Halobacteriota,c__Halobacteria,o__Halobacteriales,f__Haloferacaceae,g__Halorubrum,s__Halorubrum sp004114375,0,0,0,0,0,1,0,0,0
NZ_CP034693.1,163120,163.12,0.551256744,non-mobilizable,2,2,0.6931471805599453,1,p__Halobacteriota,c__Halobacteria,o__Halobacteriales,f__Haloferacaceae,g__Halorubrum,s__Halorubrum sp004114375,0,0,1,0,0,1,0,0,0
NZ_CP034941.1,606697,606.697,0.573815265,non-mobilizable,4,3,1.0397207708399179,1,p__Halobacteriota,c__Halobacteria,o__Halobacteriales,f__Haloferacaceae,g__Halorubrum,s__Halorubrum ezzemoulense,1,0,0,0,0,1,0,2,0
NZ_CP034942.1,57310,57.31,0.546588728,non-mobilizable,0,0,0.0,0,p__Halobacteriota,c__Halobacteria,o__Halobacteriales,f__Haloferacaceae,g__Halorubrum,s__Halorubrum ezzemoulense,0,0,0,0,0,0,0,0,0
NZ_CP035120.1,303357,303.357,0.642902587,non-mobilizable,2,1,-0.0,1,p__Halobacteriota,c__Halobacteria,o__Halobacteriales,f__Haladaptataceae,g__Halorussus,s__Halorussus pelagicus,0,0,0,0,0,0,0,2,0
NZ_CP035121.1,111878,111.878,0.544065857,non-mobilizable,2,2,0.6931471805599453,1,p__Halobacteriota,c__Halobacteria,o__Halobacteriales,f__Haladaptataceae,g__Halorussus,s__Halorussus pelagicus,0,0,0,0,0,1,0,1,0
NZ_CP035122.1,58328,58.328,0.549873131,non-mobilizable,3,3,1.0986122886681096,1,p__Halobacteriota,c__Halobacteria,o__Halobacteriales,f__Haladaptataceae,g__Halorussus,s__Halorussus pelagicus,0,0,2,0,0,0,0,1,0
NZ_CP038632.1,148406,148.406,0.605993019,non-mobilizable,0,0,0.0,0,p__Halobacteriota,c__Halobacteria,o__Halobacteriales,f__Halobacteriaceae,g__Halobacterium,s__Halobacterium salinarum,0,0,0,0,0,0,0,0,0
NZ_CP038633.1,102666,102.666,0.564860811,non-mobilizable,0,0,0.0,0,p__Halobacteriota,c__Halobacteria,o__Halobacteriales,f__Halobacteriaceae,g__Halobacterium,s__Halobacterium salinarum,0,0,0,0,0,0,0,0,0
NZ_CP039132.1,33451,33.451,0.55624645,non-mobilizable,0,0,0.0,0,p__Halobacteriota,c__Halobacteria,o__Halobacteriales,f__Haloarculaceae,g__Haloarcula,s__Haloarcula marismortui,0,0,0,0,0,0,0,0,0
NZ_CP039133.1,33297,33.297,0.542451272,non-mobilizable,1,1,-0.0,1,p__Halobacteriota,c__Halobacteria,o__Halobacteriales,f__Haloarculaceae,g__Haloarcula,s__Haloarcula marismortui,0,0,0,0,0,1,0,0,0
NZ_CP039134.1,155291,155.291,0.583304892,non-mobilizable,3,3,1.0986122886681096,1,p__Halobacteriota,c__Halobacteria,o__Halobacteriales,f__Haloarculaceae,g__Haloarcula,s__Haloarcula marismortui,0,0,0,0,0,2,0,0,1
NZ_CP039135.1,132675,132.675,0.544820049,non-mobilizable,0,0,0.0,0,p__Halobacteriota,c__Halobacteria,o__Halobacteriales,f__Haloarculaceae,g__Haloarcula,s__Haloarcula marismortui,0,0,0,0,0,0,0,0,0
NZ_CP039136.1,288045,288.045,0.572289052,non-mobilizable,0,0,0.0,0,p__Halobacteriota,c__Halobacteria,o__Halobacteriales,f__Haloarculaceae,g__Haloarcula,s__Haloarcula marismortui,0,0,0,0,0,0,0,0,0
NZ_CP039137.1,410547,410.547,0.591184444,non-mobilizable,0,0,0.0,0,p__Halobacteriota,c__Halobacteria,o__Halobacteriales,f__Haloarculaceae,g__Haloarcula,s__Haloarcula marismortui,0,0,0,0,0,0,0,0,0
NZ_CP039142.1,131975,131.975,0.572669066,non-mobilizable,0,0,0.0,0,p__Halobacteriota,c__Halobacteria,o__Halobacteriales,f__Haloferacaceae,g__Haloferax,s__Haloferax mediterranei,0,0,0,0,0,0,0,0,0
NZ_CP039376.1,221861,221.861,0.641509774,non-mobilizable,0,0,0.0,0,p__Halobacteriota,c__Halobacteria,o__Halobacteriales,f__Haloarculaceae,g__Halomicrobium,s__Halomicrobium mukohataei,0,0,0,0,0,0,0,0,0
NZ_CP040329.1,2465,2.465,0.692494929,non-mobilizable,0,0,0.0,0,p__Halobacteriota,c__Halobacteria,o__Halobacteriales,f__Natrialbaceae,g__Natrinema,s__Natrinema versiforme_A,0,0,0,0,0,0,0,0,0
NZ_CP040331.1,492102,492.102,0.562871112,non-mobilizable,3,3,1.0986122886681096,1,p__Halobacteriota,c__Halobacteria,o__Halobacteriales,f__Natrialbaceae,g__Natrinema,s__Natrinema versiforme_A,0,0,0,0,0,1,0,1,1
NZ_CP040332.1,413865,413.865,0.599739045,non-mobilizable,0,0,0.0,0,p__Halobacteriota,c__Halobacteria,o__Halobacteriales,f__Natrialbaceae,g__Natrinema,s__Natrinema versiforme_A,0,0,0,0,0,0,0,0,0
NZ_CP040333.1,18925,18.925,0.635297226,non-mobilizable,0,0,0.0,0,p__Halobacteriota,c__Halobacteria,o__Halobacteriales,f__Natrialbaceae,g__Natrinema,s__Natrinema versiforme_A,0,0,0,0,0,0,0,0,0
NZ_CP040638.1,203201,203.201,0.605681074,non-mobilizable,1,1,-0.0,1,p__Halobacteriota,c__Halobacteria,o__Halobacteriales,f__Natrialbaceae,g__Natrinema,s__Natrinema pallidum,0,0,0,0,0,1,0,0,0
NZ_CP040639.1,70939,70.939,0.605040951,non-mobilizable,0,0,0.0,0,p__Halobacteriota,c__Halobacteria,o__Halobacteriales,f__Natrialbaceae,g__Natrinema,s__Natrinema pallidum,0,0,0,0,0,0,0,0,0
NZ_CP040847.1,7674,7.674,0.447485014,non-mobilizable,0,0,0.0,0,p__Methanobacteriota_B,c__Thermococci,o__Thermococcales,f__Thermococcaceae,g__Thermococcus,s__Thermococcus indicus,0,0,0,0,0,0,0,0,0
NZ_CP042240.1,178915,178.915,0.637766537,non-mobilizable,2,2,0.6931471805599453,1,p__Halobacteriota,c__Halobacteria,o__Halobacteriales,f__Halobacteriaceae,g__Salarchaeum,s__Salarchaeum sp007833275,0,0,1,0,0,1,0,0,0
NZ_CP044130.1,223917,223.917,0.640688291,non-mobilizable,0,0,0.0,0,p__Halobacteriota,c__Halobacteria,o__Halobacteriales,f__Haloarculaceae,g__Halomicrobium,s__Halomicrobium sp009617995,0,0,0,0,0,0,0,0,0
NZ_CP044524.1,531768,531.768,0.620451024,non-mobilizable,2,2,0.6931471805599453,1,p__Halobacteriota,c__Halobacteria,o__Halobacteriales,f__Haladaptataceae,g__Halorussus,s__Halorussus halophilus,0,0,0,0,0,1,0,1,0
NZ_CP044525.1,219256,219.256,0.580535994,non-mobilizable,1,1,-0.0,1,p__Halobacteriota,c__Halobacteria,o__Halobacteriales,f__Haladaptataceae,g__Halorussus,s__Halorussus halophilus,0,0,0,0,0,1,0,0,0
NZ_CP044526.1,63455,63.455,0.59566622,non-mobilizable,0,0,0.0,0,p__Halobacteriota,c__Halobacteria,o__Halobacteriales,f__Haladaptataceae,g__Halorussus,s__Halorussus halophilus,0,0,0,0,0,0,0,0,0
NZ_CP045489.1,431477,431.477,0.547540193,non-mobilizable,3,3,1.0986122886681096,1,p__Halobacteriota,c__Halobacteria,o__Halobacteriales,f__Natrialbaceae,g__Natronorubrum,s__Natronorubrum aibiense,0,0,0,0,0,1,0,2,0
NZ_CP045490.1,356702,356.702,0.591244232,non-mobilizable,0,0,0.0,0,p__Halobacteriota,c__Halobacteria,o__Halobacteriales,f__Natrialbaceae,g__Natronorubrum,s__Natronorubrum aibiense,0,0,0,0,0,0,0,0,0
NZ_CP045491.1,207310,207.31,0.610916019,non-mobilizable,0,0,0.0,0,p__Halobacteriota,c__Halobacteria,o__Halobacteriales,f__Natrialbaceae,g__Natronorubrum,s__Natronorubrum aibiense,0,0,0,0,0,0,0,0,0
NZ_CP053942.1,247617,247.617,0.584701373,non-mobilizable,0,0,0.0,0,p__Halobacteriota,c__Halobacteria,o__Halobacteriales,f__Haloferacaceae,g__Halorubrum,s__Halorubrum salinarum,0,0,0,0,0,0,0,0,0
NZ_CP053943.1,155204,155.204,0.591614907,non-mobilizable,2,2,0.6931471805599453,1,p__Halobacteriota,c__Halobacteria,o__Halobacteriales,f__Haloferacaceae,g__Halorubrum,s__Halorubrum salinarum,0,0,0,0,0,1,0,1,0
NZ_CP054586.1,363938,363.938,0.583209228,non-mobilizable,3,1,-0.0,1,p__Halobacteriota,c__Halobacteria,o__Halobacteriales,f__Haloferacaceae,g__Halorubrum,s__Halorubrum sp003721435,0,0,0,0,0,3,0,0,0
NZ_CP054588.1,254488,254.488,0.659044827,non-mobilizable,2,2,0.6931471805599453,1,p__Halobacteriota,c__Halobacteria,o__Halobacteriales,f__Haloferacaceae,g__Halolamina,s__Halolamina sp002025255,0,0,0,0,0,0,0,1,1
NZ_CP054589.1,253363,253.363,0.582740968,non-mobilizable,2,2,0.6931471805599453,1,p__Halobacteriota,c__Halobacteria,o__Halobacteriales,f__Haloferacaceae,g__Halolamina,s__Halolamina sp002025255,0,0,0,0,0,1,0,1,0
NZ_CP054590.1,52906,52.906,0.579310475,non-mobilizable,0,0,0.0,0,p__Halobacteriota,c__Halobacteria,o__Halobacteriales,f__Haloferacaceae,g__Halolamina,s__Halolamina sp002025255,0,0,0,0,0,0,0,0,0
NZ_CP054708.1,602938,602.938,0.691017982,non-mobilizable,3,3,1.0986122886681096,1,p__Halobacteriota,c__Halobacteria,o__Halobacteriales,f__Halobacteriaceae,g__Halarchaeum,s__Halarchaeum grantii,0,0,2,0,0,1,0,0,0
NZ_CP054709.1,419060,419.06,0.639975183,non-mobilizable,2,2,0.6931471805599453,1,p__Halobacteriota,c__Halobacteria,o__Halobacteriales,f__Halobacteriaceae,g__Halarchaeum,s__Halarchaeum grantii,0,0,1,0,0,1,0,0,0
NZ_CP054710.1,132808,132.808,0.597697428,non-mobilizable,2,2,0.6931471805599453,1,p__Halobacteriota,c__Halobacteria,o__Halobacteriales,f__Halobacteriaceae,g__Halarchaeum,s__Halarchaeum grantii,0,0,0,1,0,0,0,1,0
NZ_CP054711.1,24593,24.593,0.64705404,non-mobilizable,0,0,0.0,0,p__Halobacteriota,c__Halobacteria,o__Halobacteriales,f__Halobacteriaceae,g__Halarchaeum,s__Halarchaeum grantii,0,0,0,0,0,0,0,0,0
NZ_CP054712.1,14560,14.56,0.63125,non-mobilizable,0,0,0.0,0,p__Halobacteriota,c__Halobacteria,o__Halobacteriales,f__Halobacteriaceae,g__Halarchaeum,s__Halarchaeum grantii,0,0,0,0,0,0,0,0,0
NZ_CP058530.1,263745,263.745,0.693958179,non-mobilizable,0,0,0.0,0,p__Halobacteriota,c__Halobacteria,o__Halobacteriales,f__Haloferacaceae,g__Halobaculum,s__Halobaculum halophilum,0,0,0,0,0,0,0,0,0
NZ_CP058531.1,186742,186.742,0.57335254,non-mobilizable,0,0,0.0,0,p__Halobacteriota,c__Halobacteria,o__Halobacteriales,f__Haloferacaceae,g__Halobaculum,s__Halobaculum halophilum,0,0,0,0,0,0,0,0,0
NZ_CP058532.1,148857,148.857,0.611284656,non-mobilizable,0,0,0.0,0,p__Halobacteriota,c__Halobacteria,o__Halobacteriales,f__Haloferacaceae,g__Halobaculum,s__Halobaculum halophilum,0,0,0,0,0,0,0,0,0
NZ_CP058580.1,239483,239.483,0.713750037,non-mobilizable,0,0,0.0,0,p__Halobacteriota,c__Halobacteria,o__Halobacteriales,f__Haloferacaceae,g__Halobaculum,s__Halobaculum salinum,0,0,0,0,0,0,0,0,0
NZ_CP063206.1,608598,608.598,0.616536696,non-mobilizable,0,0,0.0,0,p__Halobacteriota,c__Halobacteria,o__Halobacteriales,f__Haloferacaceae,g__Haloferax,s__Haloferax gibbonsii,0,0,0,0,0,0,0,0,0
NZ_CP063207.1,322970,322.97,0.669114778,non-mobilizable,0,0,0.0,0,p__Halobacteriota,c__Halobacteria,o__Halobacteriales,f__Haloferacaceae,g__Haloferax,s__Haloferax gibbonsii,0,0,0,0,0,0,0,0,0
NZ_CP063208.1,65035,65.035,0.55816099,non-mobilizable,1,1,-0.0,1,p__Halobacteriota,c__Halobacteria,o__Halobacteriales,f__Haloferacaceae,g__Haloferax,s__Haloferax gibbonsii,0,0,0,0,0,0,0,1,0
NZ_CP064336.1,11015,11.015,0.425147526,non-mobilizable,0,0,0.0,0,p__Methanobacteriota,c__Methanobacteria,o__Methanobacteriales,f__Methanothermobacteraceae,g__Methanothermobacter,s__Methanothermobacter thermautotrophicus,0,0,0,0,0,0,0,0,0
NZ_CP064790.1,137790,137.79,0.569700269,non-mobilizable,0,0,0.0,0,p__Halobacteriota,c__Halobacteria,o__Halobacteriales,f__Haloarculaceae,g__Halapricum,s__Halapricum desulfuricans,0,0,0,0,0,0,0,0,0
NZ_CP064792.1,180725,180.725,0.561892378,non-mobilizable,1,1,-0.0,1,p__Halobacteriota,c__Halobacteria,o__Halobacteriales,f__Haloarculaceae,g__Halapricum,s__Halapricum sp017094465,0,0,0,0,0,0,0,0,1
NZ_CP069189.1,138030,138.03,0.5572122,non-mobilizable,1,1,-0.0,1,p__Halobacteriota,c__Halobacteria,o__Halobacteriales,f__Natrialbaceae,g__Haloterrigena,s__Haloterrigena salifodinae,0,0,0,0,0,1,0,0,0
NZ_CP069190.1,171484,171.484,0.641762497,non-mobilizable,0,0,0.0,0,p__Halobacteriota,c__Halobacteria,o__Halobacteriales,f__Natrialbaceae,g__Haloterrigena,s__Haloterrigena salifodinae,0,0,0,0,0,0,0,0,0
NZ_CP069191.1,220397,220.397,0.621718989,non-mobilizable,1,1,-0.0,1,p__Halobacteriota,c__Halobacteria,o__Halobacteriales,f__Natrialbaceae,g__Haloterrigena,s__Haloterrigena salifodinae,0,0,0,0,0,1,0,0,0
NZ_CP069192.1,280619,280.619,0.61911346,non-mobilizable,0,0,0.0,0,p__Halobacteriota,c__Halobacteria,o__Halobacteriales,f__Natrialbaceae,g__Haloterrigena,s__Haloterrigena salifodinae,0,0,0,0,0,0,0,0,0
NZ_CP069193.1,96392,96.392,0.58395925,non-mobilizable,1,1,-0.0,1,p__Halobacteriota,c__Halobacteria,o__Halobacteriales,f__Natrialbaceae,g__Haloterrigena,s__Haloterrigena salifodinae,0,0,0,0,0,0,0,0,1
NZ_CP069377.1,4441,4.441,0.453951813,non-mobilizable,0,0,0.0,0,p__Methanobacteriota,c__Methanobacteria,o__Methanobacteriales,f__Methanothermobacteraceae,g__Methanothermobacter,s__Methanothermobacter marburgensis,0,0,0,0,0,0,0,0,0
NZ_CP070333.1,100133,100.133,0.61888688,non-mobilizable,0,0,0.0,0,p__Halobacteriota,c__Halobacteria,o__Halobacteriales,f__Halobacteriaceae,g__Halobacterium,s__Halobacterium salinarum,0,0,0,0,0,0,0,0,0
NZ_CP070334.1,105947,105.947,0.600413414,non-mobilizable,4,3,1.0397207708399179,1,p__Halobacteriota,c__Halobacteria,o__Halobacteriales,f__Halobacteriaceae,g__Halobacterium,s__Halobacterium salinarum,1,0,0,0,0,1,0,2,0
NZ_CP070335.2,299663,299.663,0.591457738,non-mobilizable,2,2,0.6931471805599453,1,p__Halobacteriota,c__Halobacteria,o__Halobacteriales,f__Halobacteriaceae,g__Halobacterium,s__Halobacterium salinarum,0,0,0,1,0,1,0,0,0
NZ_CP070336.1,2144,2.144,0.615205224,non-mobilizable,0,0,0.0,0,p__Halobacteriota,c__Halobacteria,o__Halobacteriales,f__Halobacteriaceae,g__Halobacterium,s__Halobacterium salinarum,0,0,0,0,0,0,0,0,0
NZ_CP070337.2,49847,49.847,0.584448412,non-mobilizable,0,0,0.0,0,p__Halobacteriota,c__Halobacteria,o__Halobacteriales,f__Halobacteriaceae,g__Halobacterium,s__Halobacterium salinarum,0,0,0,0,0,0,0,0,0
NZ_CP070375.1,284178,284.178,0.590742422,non-mobilizable,1,1,-0.0,1,p__Halobacteriota,c__Halobacteria,o__Halobacteriales,f__Halobacteriaceae,g__Halobacterium,s__Halobacterium salinarum,0,0,0,1,0,0,0,0,0
NZ_CP070376.1,54914,54.914,0.613741487,non-mobilizable,1,1,-0.0,1,p__Halobacteriota,c__Halobacteria,o__Halobacteriales,f__Halobacteriaceae,g__Halobacterium,s__Halobacterium salinarum,0,0,1,0,0,0,0,0,0
NZ_CP073367.1,116596,116.596,0.563930152,non-mobilizable,1,1,-0.0,1,p__Halobacteriota,c__Halobacteria,o__Halobacteriales,f__Haloarculaceae,g__Haloarcula,s__Haloarcula marismortui,0,0,0,0,0,0,0,1,0
NZ_CP073368.1,540110,540.11,0.566851197,non-mobilizable,4,4,1.3862943611198906,1,p__Halobacteriota,c__Halobacteria,o__Halobacteriales,f__Haloarculaceae,g__Haloarcula,s__Haloarcula marismortui,0,0,1,0,0,1,0,2,0
NZ_CP073369.1,387656,387.656,0.592636255,non-mobilizable,0,0,0.0,0,p__Halobacteriota,c__Halobacteria,o__Halobacteriales,f__Haloarculaceae,g__Haloarcula,s__Haloarcula marismortui,0,0,0,0,0,0,0,0,0
NZ_CP073370.1,55294,55.294,0.547075632,non-mobilizable,2,2,0.6931471805599453,1,p__Halobacteriota,c__Halobacteria,o__Halobacteriales,f__Haloarculaceae,g__Haloarcula,s__Haloarcula marismortui,0,1,0,0,0,0,0,1,0
NZ_CP073371.1,204099,204.099,0.550326067,non-mobilizable,0,0,0.0,0,p__Halobacteriota,c__Halobacteria,o__Halobacteriales,f__Haloarculaceae,g__Haloarcula,s__Haloarcula marismortui,0,0,0,0,0,0,0,0,0
NZ_CP073372.1,139649,139.649,0.540454998,non-mobilizable,0,0,0.0,0,p__Halobacteriota,c__Halobacteria,o__Halobacteriales,f__Haloarculaceae,g__Haloarcula,s__Haloarcula marismortui,0,0,0,0,0,0,0,0,0
NZ_CP077714.1,37750,37.75,0.355337748,non-mobilizable,0,0,0.0,0,p__Thermoproteota,c__Thermoprotei_A,o__Sulfolobales,f__Sulfolobaceae,g__Saccharolobus,s__Saccharolobus shibatae,0,0,0,0,0,0,0,0,0
NZ_CP077716.1,37840,37.84,0.355946089,non-mobilizable,0,0,0.0,0,p__Thermoproteota,c__Thermoprotei_A,o__Sulfolobales,f__Sulfolobaceae,g__Saccharolobus,s__Saccharolobus shibatae,0,0,0,0,0,0,0,0,0
NZ_CP078064.1,344046,344.046,0.569502334,non-mobilizable,1,1,-0.0,1,p__Halobacteriota,c__Halobacteria,o__Halobacteriales,f__Haloferacaceae,g__Haloferax,s__Haloferax larsenii,0,0,0,0,0,1,0,0,0
NZ_CP078065.1,327798,327.798,0.614863422,non-mobilizable,1,1,-0.0,1,p__Halobacteriota,c__Halobacteria,o__Halobacteriales,f__Haloferacaceae,g__Haloferax,s__Haloferax larsenii,0,0,1,0,0,0,0,0,0
NZ_CP081959.1,271515,271.515,0.570620408,non-mobilizable,2,2,0.6931471805599453,1,p__Halobacteriota,c__Halobacteria,o__Halobacteriales,f__Haloferacaceae,g__Halobaculum,s__Halobaculum magnesiiphilum,0,0,0,0,0,0,0,2,0
NZ_CP081960.1,487397,487.397,0.644121732,non-mobilizable,2,2,0.6931471805599453,1,p__Halobacteriota,c__Halobacteria,o__Halobacteriales,f__Haloferacaceae,g__Halobaculum,s__Halobaculum magnesiiphilum,0,0,0,0,0,1,0,1,0
NZ_CP081961.1,8308,8.308,0.555488686,non-mobilizable,0,0,0.0,0,p__Halobacteriota,c__Halobacteria,o__Halobacteriales,f__Haloferacaceae,g__Halobaculum,s__Halobaculum magnesiiphilum,0,0,0,0,0,0,0,0,0
NZ_CP082247.1,891417,891.417,0.576678479,non-mobilizable,0,0,0.0,0,p__Halobacteriota,c__Halobacteria,o__Halobacteriales,f__Natrialbaceae,g__Natrinema,s__Natrinema sp019879105,0,0,0,0,0,0,0,0,0
NZ_CP082248.1,881002,881.002,0.564222329,non-mobilizable,2,1,-0.0,1,p__Halobacteriota,c__Halobacteria,o__Halobacteriales,f__Natrialbaceae,g__Natrinema,s__Natrinema sp019879105,0,0,0,0,0,2,0,0,0
NZ_CP082285.1,93698,93.698,0.590247391,non-mobilizable,0,0,0.0,0,p__Halobacteriota,c__Halobacteria,o__Halobacteriales,f__Haloferacaceae,g__Halobaculum,s__Halobaculum rubrum,0,0,0,0,0,0,0,0,0
NZ_CP082287.1,240419,240.419,0.585261564,non-mobilizable,4,3,1.0397207708399179,1,p__Halobacteriota,c__Halobacteria,o__Halobacteriales,f__Haloferacaceae,g__Halobaculum,s__Halobaculum roseum,0,1,0,0,0,1,0,2,0
NZ_CP082288.1,336694,336.694,0.675295669,non-mobilizable,0,0,0.0,0,p__Halobacteriota,c__Halobacteria,o__Halobacteriales,f__Haloferacaceae,g__Halobaculum,s__Halobaculum roseum,0,0,0,0,0,0,0,0,0
NZ_CP082289.1,161865,161.865,0.587415439,non-mobilizable,1,1,-0.0,1,p__Halobacteriota,c__Halobacteria,o__Halobacteriales,f__Haloferacaceae,g__Halobaculum,s__Halobaculum roseum,0,0,0,0,0,1,0,0,0
NZ_CP083664.1,356276,356.276,0.591412276,non-mobilizable,0,0,0.0,0,p__Halobacteriota,c__Halobacteria,o__Halobacteriales,f__Haloferacaceae,g__Haloprofundus,s__Haloprofundus sp020097815,0,0,0,0,0,0,0,0,0
NZ_CP083665.1,48463,48.463,0.616367125,non-mobilizable,0,0,0.0,0,p__Halobacteriota,c__Halobacteria,o__Halobacteriales,f__Haloferacaceae,g__Haloprofundus,s__Haloprofundus sp020097815,0,0,0,0,0,0,0,0,0
NZ_CP083667.1,422800,422.8,0.616996216,non-mobilizable,0,0,0.0,0,p__Halobacteriota,c__Halobacteria,o__Halobacteriales,f__Haloferacaceae,g__Haloprofundus,s__Haloprofundus sp020097835,0,0,0,0,0,0,0,0,0
NZ_CP083668.1,149551,149.551,0.53745545,non-mobilizable,1,1,-0.0,1,p__Halobacteriota,c__Halobacteria,o__Halobacteriales,f__Haloferacaceae,g__Haloprofundus,s__Haloprofundus sp020097835,0,0,0,0,0,0,0,0,1
NZ_CP083669.1,99406,99.406,0.562873468,non-mobilizable,0,0,0.0,0,p__Halobacteriota,c__Halobacteria,o__Halobacteriales,f__Haloferacaceae,g__Haloprofundus,s__Haloprofundus sp020097835,0,0,0,0,0,0,0,0,0
NZ_CP083670.1,49319,49.319,0.617186074,non-mobilizable,0,0,0.0,0,p__Halobacteriota,c__Halobacteria,o__Halobacteriales,f__Haloferacaceae,g__Haloprofundus,s__Haloprofundus sp020097835,0,0,0,0,0,0,0,0,0
NZ_CP084319.1,285490,285.49,0.596994641,non-mobilizable,1,1,-0.0,1,p__Halobacteriota,c__Halobacteria,o__Halobacteriales,f__Natrialbaceae,g__Haloterrigena,s__Haloterrigena alkaliphila,0,0,0,0,0,1,0,0,0
NZ_CP084320.1,161705,161.705,0.655224019,non-mobilizable,0,0,0.0,0,p__Halobacteriota,c__Halobacteria,o__Halobacteriales,f__Natrialbaceae,g__Haloterrigena,s__Haloterrigena alkaliphila,0,0,0,0,0,0,0,0,0
NZ_CP084464.1,394162,394.162,0.675597851,non-mobilizable,2,2,0.6931471805599453,1,p__Halobacteriota,c__Halobacteria,o__Halobacteriales,f__Haloarculaceae,g__Halomicrobium,s__Halomicrobium salinisoli,0,0,0,0,0,2,0,0,0
NZ_CP084465.1,80696,80.696,0.573473282,non-mobilizable,0,0,0.0,0,p__Halobacteriota,c__Halobacteria,o__Halobacteriales,f__Haloarculaceae,g__Halomicrobium,s__Halomicrobium salinisoli,0,0,0,0,0,0,0,0,0
NZ_CP084467.1,524325,524.325,0.650239832,non-mobilizable,6,5,1.5607104090414063,1,p__Halobacteriota,c__Halobacteria,o__Halobacteriales,f__Haloarculaceae,g__Halomicrobium,s__Halomicrobium salinisoli,1,0,0,0,0,2,0,3,0
NZ_CP084468.1,103645,103.645,0.556437841,non-mobilizable,1,1,-0.0,1,p__Halobacteriota,c__Halobacteria,o__Halobacteriales,f__Haloarculaceae,g__Halomicrobium,s__Halomicrobium salinisoli,0,0,0,0,0,0,0,1,0
NZ_CP084470.1,400082,400.082,0.574169795,non-mobilizable,1,1,-0.0,1,p__Halobacteriota,c__Halobacteria,o__Halobacteriales,f__Natrialbaceae,g__Natrinema,s__Natrinema salinisoli,0,0,0,0,0,1,0,0,0
NZ_CP084471.1,113814,113.814,0.546092748,non-mobilizable,0,0,0.0,0,p__Halobacteriota,c__Halobacteria,o__Halobacteriales,f__Natrialbaceae,g__Natrinema,s__Natrinema salinisoli,0,0,0,0,0,0,0,0,0
NZ_CP084473.1,320393,320.393,0.576242302,non-mobilizable,0,0,0.0,0,p__Halobacteriota,c__Halobacteria,o__Halobacteriales,f__Natrialbaceae,g__Natrinema,s__Natrinema sp020405225,0,0,0,0,0,0,0,0,0
NZ_CP084474.1,334334,334.334,0.550225224,non-mobilizable,0,0,0.0,0,p__Halobacteriota,c__Halobacteria,o__Halobacteriales,f__Natrialbaceae,g__Natrinema,s__Natrinema sp020405225,0,0,0,0,0,0,0,0,0
NZ_CP084475.1,161989,161.989,0.558605831,non-mobilizable,0,0,0.0,0,p__Halobacteriota,c__Halobacteria,o__Halobacteriales,f__Natrialbaceae,g__Natrinema,s__Natrinema sp020405225,0,0,0,0,0,0,0,0,0
NZ_CP084476.1,79583,79.583,0.609037106,non-mobilizable,0,0,0.0,0,p__Halobacteriota,c__Halobacteria,o__Halobacteriales,f__Natrialbaceae,g__Natrinema,s__Natrinema sp020405225,0,0,0,0,0,0,0,0,0
NZ_CP084477.1,57942,57.942,0.616461289,non-mobilizable,0,0,0.0,0,p__Halobacteriota,c__Halobacteria,o__Halobacteriales,f__Natrialbaceae,g__Natrinema,s__Natrinema sp020405225,0,0,0,0,0,0,0,0,0
NZ_CP084478.1,33932,33.932,0.581250737,non-mobilizable,0,0,0.0,0,p__Halobacteriota,c__Halobacteria,o__Halobacteriales,f__Natrialbaceae,g__Natrinema,s__Natrinema sp020405225,0,0,0,0,0,0,0,0,0
NZ_CP084880.1,425401,425.401,0.55332263,non-mobilizable,0,0,0.0,0,p__Halobacteriota,c__Halobacteria,o__Halobacteriales,f__Natrialbaceae,g__Natrinema,s__Natrinema halophilum,0,0,0,0,0,0,0,0,0
NZ_CP084881.1,56996,56.996,0.590269493,non-mobilizable,0,0,0.0,0,p__Halobacteriota,c__Halobacteria,o__Halobacteriales,f__Natrialbaceae,g__Natrinema,s__Natrinema halophilum,0,0,0,0,0,0,0,0,0
NZ_CP084882.1,508040,508.04,0.545281868,non-mobilizable,3,3,1.0986122886681096,1,p__Halobacteriota,c__Halobacteria,o__Halobacteriales,f__Natrialbaceae,g__Natrinema,s__Natrinema sp013456555,0,0,0,0,0,2,0,0,1
NZ_CP084883.1,465323,465.323,0.594301163,non-mobilizable,0,0,0.0,0,p__Halobacteriota,c__Halobacteria,o__Halobacteriales,f__Natrialbaceae,g__Natrinema,s__Natrinema sp013456555,0,0,0,0,0,0,0,0,0
NZ_CP084884.1,358925,358.925,0.571762903,non-mobilizable,3,3,1.0986122886681096,1,p__Halobacteriota,c__Halobacteria,o__Halobacteriales,f__Natrialbaceae,g__Natrinema,s__Natrinema sp013456555,0,0,0,0,0,1,1,0,1
NZ_CP084885.1,224373,224.373,0.546037179,non-mobilizable,1,1,-0.0,1,p__Halobacteriota,c__Halobacteria,o__Halobacteriales,f__Natrialbaceae,g__Natrinema,s__Natrinema sp013456555,0,0,0,0,0,1,0,0,0
NZ_CP085325.1,135207,135.207,0.588268359,non-mobilizable,1,1,-0.0,1,p__Halobacteriota,c__Halobacteria,o__Halobacteriales,f__Halobacteriaceae,g__Salarchaeum,s__Salarchaeum japonicum,0,0,0,0,0,1,0,0,0
NZ_CP085883.1,235323,235.323,0.601887618,non-mobilizable,0,0,0.0,0,p__Halobacteriota,c__Halobacteria,o__Halobacteriales,f__Halobacteriaceae,g__Halobacterium,s__Halobacterium salinarum,0,0,0,0,0,0,0,0,0
NZ_CP085884.1,42817,42.817,0.578181563,non-mobilizable,1,1,-0.0,1,p__Halobacteriota,c__Halobacteria,o__Halobacteriales,f__Halobacteriaceae,g__Halobacterium,s__Halobacterium salinarum,0,0,0,0,0,0,0,1,0
NZ_CP087722.1,166871,166.871,0.552210989,non-mobilizable,2,2,0.6931471805599453,1,p__Halobacteriota,c__Halobacteria,o__Halobacteriales,f__Haloferacaceae,g__Halalkaliarchaeum,s__Halalkaliarchaeum sp024972735,0,0,1,0,1,0,0,0,0
NZ_CP087725.1,34990,34.99,0.528408117,non-mobilizable,1,1,-0.0,1,p__Halobacteriota,c__Halobacteria,o__Halobacteriales,f__Halobacteriaceae,g__Halanaeroarchaeum,s__Halanaeroarchaeum sp024972755,0,0,0,0,0,0,0,1,0
NZ_CP089467.1,11599,11.599,0.692732132,non-mobilizable,0,0,0.0,0,p__Halobacteriota,c__Halobacteria,o__Halobacteriales,f__Halobacteriaceae,g__Halobacterium,s__Halobacterium litoreum,0,0,0,0,0,0,0,0,0
NZ_CP089469.1,368639,368.639,0.585977067,non-mobilizable,1,1,-0.0,1,p__Halobacteriota,c__Halobacteria,o__Halobacteriales,f__Halobacteriaceae,g__Halobacterium,s__Halobacterium noricense,0,0,0,0,0,1,0,0,0
NZ_CP089470.1,54438,54.438,0.582277086,non-mobilizable,0,0,0.0,0,p__Halobacteriota,c__Halobacteria,o__Halobacteriales,f__Halobacteriaceae,g__Halobacterium,s__Halobacterium noricense,0,0,0,0,0,0,0,0,0
NZ_CP089594.1,197166,197.166,0.668238946,non-mobilizable,2,2,0.6931471805599453,1,p__Halobacteriota,c__Halobacteria,o__Halobacteriales,f__Halobacteriaceae,g__Halobacterium,s__Halobacterium sp021249405,0,0,0,0,0,2,0,0,0
NZ_CP089595.1,121104,121.104,0.584794887,non-mobilizable,0,0,0.0,0,p__Halobacteriota,c__Halobacteria,o__Halobacteriales,f__Halobacteriaceae,g__Halobacterium,s__Halobacterium sp021249405,0,0,0,0,0,0,0,0,0
NZ_CP089596.1,1442,1.442,0.608183079,non-mobilizable,0,0,0.0,0,p__Halobacteriota,c__Halobacteria,o__Halobacteriales,f__Halobacteriaceae,g__Halobacterium,s__Halobacterium sp021249405,0,0,0,0,0,0,0,0,0
NZ_CP090372.1,263782,263.782,0.692025991,non-mobilizable,0,0,0.0,0,p__Halobacteriota,c__Halobacteria,o__Halobacteriales,f__Haloferacaceae,g__Halobaculum,s__Halobaculum sp021431925,0,0,0,0,0,0,0,0,0
NZ_CP090373.1,135778,135.778,0.577553065,non-mobilizable,3,3,1.0986122886681096,1,p__Halobacteriota,c__Halobacteria,o__Halobacteriales,f__Haloferacaceae,g__Halobaculum,s__Halobaculum sp021431925,0,0,0,0,0,2,0,1,0
NZ_CP090374.1,34475,34.475,0.615257433,non-mobilizable,0,0,0.0,0,p__Halobacteriota,c__Halobacteria,o__Halobacteriales,f__Haloferacaceae,g__Halobaculum,s__Halobaculum sp021431925,0,0,0,0,0,0,0,0,0
NZ_CP095006.1,406045,406.045,0.556768338,non-mobilizable,4,3,1.0397207708399179,1,p__Halobacteriota,c__Halobacteria,o__Halobacteriales,f__Halococcaceae,g__Halococcus,s__Halococcus morrhuae,1,0,0,0,0,1,0,2,0
NZ_CP095007.1,260739,260.739,0.566328781,non-mobilizable,0,0,0.0,0,p__Halobacteriota,c__Halobacteria,o__Halobacteriales,f__Halococcaceae,g__Halococcus,s__Halococcus morrhuae,0,0,0,0,0,0,0,0,0
NZ_CP095008.1,123302,123.302,0.570809881,non-mobilizable,1,1,-0.0,1,p__Halobacteriota,c__Halobacteria,o__Halobacteriales,f__Halococcaceae,g__Halococcus,s__Halococcus morrhuae,0,0,0,0,0,0,0,1,0
NZ_CP095009.1,350887,350.887,0.578491081,non-mobilizable,1,1,-0.0,1,p__Halobacteriota,c__Halobacteria,o__Halobacteriales,f__Halococcaceae,g__Halococcus,s__Halococcus morrhuae,0,0,1,0,0,0,0,0,0
NZ_CP095010.1,56956,56.956,0.565875413,non-mobilizable,0,0,0.0,0,p__Halobacteriota,c__Halobacteria,o__Halobacteriales,f__Halococcaceae,g__Halococcus,s__Halococcus morrhuae,0,0,0,0,0,0,0,0,0
NZ_CP095398.1,861699,861.699,0.59248183,non-mobilizable,3,2,0.6365141682948128,1,p__Halobacteriota,c__Halobacteria,o__Halobacteriales,f__Natrialbaceae,g__Halovarius,s__Halovarius luteus,0,0,1,0,0,2,0,0,0
NZ_CP095399.1,93900,93.9,0.545676251,non-mobilizable,0,0,0.0,0,p__Halobacteriota,c__Halobacteria,o__Halobacteriales,f__Natrialbaceae,g__Halovarius,s__Halovarius luteus,0,0,0,0,0,0,0,0,0
NZ_CP095483.1,156912,156.912,0.629849852,non-mobilizable,0,0,0.0,0,p__Halobacteriota,c__Halobacteria,o__Halobacteriales,f__Haloarculaceae,g__Halorientalis,s__Halorientalis litorea,0,0,0,0,0,0,0,0,0
NZ_CP095484.1,109717,109.717,0.572053556,non-mobilizable,2,2,0.6931471805599453,1,p__Halobacteriota,c__Halobacteria,o__Halobacteriales,f__Haloarculaceae,g__Halorientalis,s__Halorientalis litorea,0,0,0,0,0,1,0,1,0
NZ_CP095485.1,140250,140.25,0.567800357,non-mobilizable,0,0,0.0,0,p__Halobacteriota,c__Halobacteria,o__Halobacteriales,f__Haloarculaceae,g__Halorientalis,s__Halorientalis litorea,0,0,0,0,0,0,0,0,0
NZ_CP095486.1,8896,8.896,0.624100719,non-mobilizable,0,0,0.0,0,p__Halobacteriota,c__Halobacteria,o__Halobacteriales,f__Haloarculaceae,g__Halorientalis,s__Halorientalis litorea,0,0,0,0,0,0,0,0,0
NZ_CP095492.1,562212,562.212,0.628983373,non-mobilizable,0,0,0.0,0,p__Halobacteriota,c__Halobacteria,o__Halobacteriales,f__Natrialbaceae,g__JALIQP01,s__JALIQP01 sp023028105,0,0,0,0,0,0,0,0,0
NZ_CP095493.1,200542,200.542,0.653673545,non-mobilizable,0,0,0.0,0,p__Halobacteriota,c__Halobacteria,o__Halobacteriales,f__Natrialbaceae,g__JALIQP01,s__JALIQP01 sp023028105,0,0,0,0,0,0,0,0,0
NZ_CP095494.1,88308,88.308,0.55907732,non-mobilizable,1,1,-0.0,1,p__Halobacteriota,c__Halobacteria,o__Halobacteriales,f__Natrialbaceae,g__JALIQP01,s__JALIQP01 sp023028105,0,0,1,0,0,0,0,0,0
NZ_CP096020.1,532509,532.509,0.561455299,non-mobilizable,4,3,1.0397207708399179,1,p__Halobacteriota,c__Halobacteria,o__Halobacteriales,f__Haloarculaceae,g__Halocatena,s__Halocatena sp023115355,1,0,0,0,0,0,0,2,1
NZ_CP096021.1,415306,415.306,0.547266353,non-mobilizable,1,1,-0.0,1,p__Halobacteriota,c__Halobacteria,o__Halobacteriales,f__Haloarculaceae,g__Halocatena,s__Halocatena sp023115355,0,0,1,0,0,0,0,0,0
NZ_CP096022.1,364940,364.94,0.545708884,non-mobilizable,1,1,-0.0,1,p__Halobacteriota,c__Halobacteria,o__Halobacteriales,f__Haloarculaceae,g__Halocatena,s__Halocatena sp023115355,0,0,0,0,0,0,0,1,0
NZ_CP096023.1,172315,172.315,0.538003076,non-mobilizable,7,6,1.7478680974667573,1,p__Halobacteriota,c__Halobacteria,o__Halobacteriales,f__Haloarculaceae,g__Halocatena,s__Halocatena sp023115355,1,0,2,0,0,1,0,3,0
NZ_CP098515.1,154567,154.567,0.574618127,non-mobilizable,0,0,0.0,0,p__Halobacteriota,c__Halobacteria,o__Halobacteriales,f__Haloferacaceae,g__Haloplanus,s__Haloplanus sp023703775,0,0,0,0,0,0,0,0,0
NZ_CP098516.1,163815,163.815,0.581479108,non-mobilizable,2,2,0.6931471805599453,1,p__Halobacteriota,c__Halobacteria,o__Halobacteriales,f__Haloferacaceae,g__Haloplanus,s__Haloplanus sp023703775,0,1,0,0,0,0,0,0,1
NZ_CP098517.1,107228,107.228,0.578729436,non-mobilizable,1,1,-0.0,1,p__Halobacteriota,c__Halobacteria,o__Halobacteriales,f__Haloferacaceae,g__Haloplanus,s__Haloplanus sp023703775,0,0,0,0,1,0,0,0,0
NZ_CP098519.1,124451,124.451,0.558782171,non-mobilizable,1,1,-0.0,1,p__Halobacteriota,c__Halobacteria,o__Halobacteriales,f__Haloferacaceae,g__Haloplanus,s__Haloplanus sp023703795,0,0,0,0,0,1,0,0,0
NZ_CP098520.1,200002,200.002,0.579809202,non-mobilizable,0,0,0.0,0,p__Halobacteriota,c__Halobacteria,o__Halobacteriales,f__Haloferacaceae,g__Haloplanus,s__Haloplanus sp023703795,0,0,0,0,0,0,0,0,0
NZ_CP099392.1,392952,392.952,0.605926424,non-mobilizable,0,0,0.0,0,p__Halobacteriota,c__Halobacteria,o__Halobacteriales,f__Natrialbaceae,g__Natronococcus,s__Natronococcus sp023913515,0,0,0,0,0,0,0,0,0
NZ_CP099393.1,378493,378.493,0.555960084,non-mobilizable,0,0,0.0,0,p__Halobacteriota,c__Halobacteria,o__Halobacteriales,f__Natrialbaceae,g__Natronococcus,s__Natronococcus sp023913515,0,0,0,0,0,0,0,0,0
NZ_CP100405.1,363878,363.878,0.592891024,non-mobilizable,1,1,-0.0,1,p__Halobacteriota,c__Halobacteria,o__Halobacteriales,f__Haloarculaceae,g__Halomicroarcula,s__Halomicroarcula sp024218775,0,0,0,0,0,1,0,0,0
NZ_CP100406.1,18001,18.001,0.620576635,non-mobilizable,0,0,0.0,0,p__Halobacteriota,c__Halobacteria,o__Halobacteriales,f__Haloarculaceae,g__Halomicroarcula,s__Halomicroarcula sp024218775,0,0,0,0,0,0,0,0,0
NZ_CP100408.1,310000,310.0,0.600932258,non-mobilizable,1,1,-0.0,1,p__Halobacteriota,c__Halobacteria,o__Halobacteriales,f__Haloarculaceae,g__Halomicroarcula,s__Halomicroarcula sp024218775,0,0,0,0,0,1,0,0,0
NZ_CP100409.1,187118,187.118,0.549075984,non-mobilizable,1,1,-0.0,1,p__Halobacteriota,c__Halobacteria,o__Halobacteriales,f__Haloarculaceae,g__Halomicroarcula,s__Halomicroarcula sp024218775,0,0,0,0,0,1,0,0,0
NZ_CP100410.1,94501,94.501,0.544502175,non-mobilizable,0,0,0.0,0,p__Halobacteriota,c__Halobacteria,o__Halobacteriales,f__Haloarculaceae,g__Halomicroarcula,s__Halomicroarcula sp024218775,0,0,0,0,0,0,0,0,0
NZ_CP100446.1,715316,715.316,0.602584033,non-mobilizable,0,0,0.0,0,p__Halobacteriota,c__Halobacteria,o__Halobacteriales,f__Natrialbaceae,g__Natrinema,s__Natrinema sp024227435,0,0,0,0,0,0,0,0,0
NZ_CP100447.1,113539,113.539,0.566633492,non-mobilizable,5,4,1.3321790402101223,1,p__Halobacteriota,c__Halobacteria,o__Halobacteriales,f__Natrialbaceae,g__Natrinema,s__Natrinema sp024227435,1,0,0,0,0,0,0,3,1
NZ_CP100449.1,374934,374.934,0.669827223,non-mobilizable,2,1,-0.0,1,p__Halobacteriota,c__Halobacteria,o__Halobacteriales,f__Haloarculaceae,g__Halomarina,s__Halomarina sp024227715,0,0,0,0,0,2,0,0,0
NZ_CP100450.1,118989,118.989,0.578095454,non-mobilizable,4,3,1.0397207708399179,1,p__Halobacteriota,c__Halobacteria,o__Halobacteriales,f__Haloarculaceae,g__Halomarina,s__Halomarina sp024227715,1,0,0,0,0,1,0,2,0
NZ_CP100451.1,159483,159.483,0.594696613,non-mobilizable,4,3,1.0397207708399179,1,p__Halobacteriota,c__Halobacteria,o__Halobacteriales,f__Haloarculaceae,g__Halomarina,s__Halomarina sp024227715,0,1,0,0,0,2,0,0,1
NZ_CP100452.1,94505,94.505,0.687953018,non-mobilizable,0,0,0.0,0,p__Halobacteriota,c__Halobacteria,o__Halobacteriales,f__Haloarculaceae,g__Halomarina,s__Halomarina sp024227715,0,0,0,0,0,0,0,0,0
NZ_CP100453.1,10819,10.819,0.639430631,non-mobilizable,0,0,0.0,0,p__Halobacteriota,c__Halobacteria,o__Halobacteriales,f__Haloarculaceae,g__Halomarina,s__Halomarina sp024227715,0,0,0,0,0,0,0,0,0
NZ_CP100455.1,617328,617.328,0.679144636,non-mobilizable,1,1,-0.0,1,p__Halobacteriota,c__Halobacteria,o__Halobacteriales,f__Haloarculaceae,g__Halomarina,s__Halomarina sp024228315,0,0,0,0,0,1,0,0,0
NZ_CP100456.1,104301,104.301,0.625727462,non-mobilizable,0,0,0.0,0,p__Halobacteriota,c__Halobacteria,o__Halobacteriales,f__Haloarculaceae,g__Halomarina,s__Halomarina sp024228315,0,0,0,0,0,0,0,0,0
NZ_CP100457.1,144667,144.667,0.565367361,non-mobilizable,1,1,-0.0,1,p__Halobacteriota,c__Halobacteria,o__Halobacteriales,f__Haloarculaceae,g__Halomarina,s__Halomarina sp024228315,0,0,0,0,0,1,0,0,0
NZ_CP100458.1,81511,81.511,0.546515194,non-mobilizable,5,4,1.3321790402101223,1,p__Halobacteriota,c__Halobacteria,o__Halobacteriales,f__Haloarculaceae,g__Halomarina,s__Halomarina sp024228315,1,1,0,0,0,1,0,2,0
NZ_CP100459.1,95860,95.86,0.659566034,non-mobilizable,0,0,0.0,0,p__Halobacteriota,c__Halobacteria,o__Halobacteriales,f__Haloarculaceae,g__Halomarina,s__Halomarina sp024228315,0,0,0,0,0,0,0,0,0
NZ_CP100460.1,16726,16.726,0.675654669,non-mobilizable,0,0,0.0,0,p__Halobacteriota,c__Halobacteria,o__Halobacteriales,f__Haloarculaceae,g__Halomarina,s__Halomarina sp024228315,0,0,0,0,0,0,0,0,0
NZ_CP101155.1,147277,147.277,0.566300237,non-mobilizable,4,4,1.3862943611198906,1,p__Halobacteriota,c__Halobacteria,o__Halobacteriales,f__Haloarculaceae,g__Natronomonas,s__Natronomonas sp024298905,0,1,0,0,0,1,0,1,1
NZ_CP101324.1,107365,107.365,0.584482839,non-mobilizable,1,1,-0.0,1,p__Halobacteriota,c__Halobacteria,o__Halobacteriales,f__Haloarculaceae,g__Natronomonas,s__Natronomonas gomsonensis,0,0,0,0,0,0,0,1,0
NZ_CP101826.1,241318,241.318,0.551322322,non-mobilizable,2,2,0.6931471805599453,1,p__Halobacteriota,c__Halobacteria,o__Halobacteriales,f__Haloferacaceae,g__Halobellus,s__Halobellus inordinatus,0,0,0,0,0,2,0,0,0
NZ_CP101874.1,89896,89.896,0.547477085,non-mobilizable,0,0,0.0,0,p__Halobacteriota,c__Halobacteria,o__Halobacteriales,f__Natrialbaceae,g__Natrinema,s__Natrinema thermotolerans,0,0,0,0,0,0,0,0,0
NZ_CP101875.1,29798,29.798,0.558057588,non-mobilizable,0,0,0.0,0,p__Halobacteriota,c__Halobacteria,o__Halobacteriales,f__Natrialbaceae,g__Natrinema,s__Natrinema thermotolerans,0,0,0,0,0,0,0,0,0
NZ_CP101876.1,17198,17.198,0.640016281,non-mobilizable,0,0,0.0,0,p__Halobacteriota,c__Halobacteria,o__Halobacteriales,f__Natrialbaceae,g__Natrinema,s__Natrinema thermotolerans,0,0,0,0,0,0,0,0,0
NZ_CP104742.1,577800,577.8,0.627630668,non-mobilizable,2,2,0.6931471805599453,1,p__Halobacteriota,c__Halobacteria,o__Halobacteriales,f__Haloferacaceae,g__Haloferax,s__Haloferax volcanii,0,0,0,0,0,1,0,1,0
NZ_CP104743.1,285035,285.035,0.66659533,non-mobilizable,0,0,0.0,0,p__Halobacteriota,c__Halobacteria,o__Halobacteriales,f__Haloferacaceae,g__Haloferax,s__Haloferax volcanii,0,0,0,0,0,0,0,0,0
NZ_CP104744.1,145200,145.2,0.55285124,non-mobilizable,0,0,0.0,0,p__Halobacteriota,c__Halobacteria,o__Halobacteriales,f__Haloferacaceae,g__Haloferax,s__Haloferax volcanii,0,0,0,0,0,0,0,0,0
NZ_CP106967.1,540216,540.216,0.632724688,non-mobilizable,4,4,1.3862943611198906,1,p__Halobacteriota,c__Halobacteria,o__Halobacteriales,f__Haloferacaceae,g__Haloferax,s__Haloferax volcanii,0,0,0,0,0,2,0,1,1
NZ_CP106968.1,296688,296.688,0.664381438,non-mobilizable,1,1,-0.0,1,p__Halobacteriota,c__Halobacteria,o__Halobacteriales,f__Haloferacaceae,g__Haloferax,s__Haloferax volcanii,0,0,1,0,0,0,0,0,0
NZ_CP106969.1,137009,137.009,0.571699669,non-mobilizable,0,0,0.0,0,p__Halobacteriota,c__Halobacteria,o__Halobacteriales,f__Haloferacaceae,g__Haloferax,s__Haloferax volcanii,0,0,0,0,0,0,0,0,0
NZ_CP106970.1,101276,101.276,0.553398633,non-mobilizable,1,1,-0.0,1,p__Halobacteriota,c__Halobacteria,o__Halobacteriales,f__Haloferacaceae,g__Haloferax,s__Haloferax volcanii,0,0,0,0,0,1,0,0,0
NZ_CP109786.1,41784,41.784,0.525775416,non-mobilizable,0,0,0.0,0,p__Halobacteriota,c__Halobacteria,o__Halobacteriales,f__Haloarculaceae,g__Halocatena,s__Halocatena sp023276375,0,0,0,0,0,0,0,0,0
NZ_CP109980.1,473209,473.209,0.523943966,non-mobilizable,1,1,-0.0,1,p__Halobacteriota,c__Halobacteria,o__Halobacteriales,f__Haloarculaceae,g__Halocatena,s__Halocatena sp023276375,0,0,0,0,0,1,0,0,0
NZ_CP109981.1,364652,364.652,0.525953512,non-mobilizable,1,1,-0.0,1,p__Halobacteriota,c__Halobacteria,o__Halobacteriales,f__Haloarculaceae,g__Halocatena,s__Halocatena sp023276375,0,0,0,0,0,1,0,0,0
NZ_CP109982.1,316817,316.817,0.532657654,non-mobilizable,2,1,-0.0,1,p__Halobacteriota,c__Halobacteria,o__Halobacteriales,f__Haloarculaceae,g__Halocatena,s__Halocatena sp023276375,0,0,2,0,0,0,0,0,0
NZ_CP110250.1,474910,474.91,0.524229854,non-mobilizable,1,1,-0.0,1,p__Halobacteriota,c__Halobacteria,o__Halobacteriales,f__Haloarculaceae,g__Halocatena,s__Halocatena sp023276375,0,0,0,0,0,1,0,0,0
NZ_CP110251.1,359540,359.54,0.523638538,non-mobilizable,1,1,-0.0,1,p__Halobacteriota,c__Halobacteria,o__Halobacteriales,f__Haloarculaceae,g__Halocatena,s__Halocatena sp023276375,0,0,0,0,0,1,0,0,0
NZ_CP110252.1,317901,317.901,0.536692241,non-mobilizable,1,1,-0.0,1,p__Halobacteriota,c__Halobacteria,o__Halobacteriales,f__Haloarculaceae,g__Halocatena,s__Halocatena sp023276375,0,0,1,0,0,0,0,0,0
NZ_CP111037.1,394338,394.338,0.568598512,non-mobilizable,2,2,0.6931471805599453,1,p__Halobacteriota,c__Halobacteria,o__Halobacteriales,f__Haladaptataceae,g__Haladaptatus,s__Haladaptatus [species 0010],0,0,0,0,0,2,0,0,0
NZ_CP111038.1,142345,142.345,0.515023359,non-mobilizable,1,1,-0.0,1,p__Halobacteriota,c__Halobacteria,o__Halobacteriales,f__Haladaptataceae,g__Haladaptatus,s__Haladaptatus [species 0010],0,0,0,0,0,0,0,1,0
NZ_CP111039.1,80215,80.215,0.508957178,non-mobilizable,0,0,0.0,0,p__Halobacteriota,c__Halobacteria,o__Halobacteriales,f__Haladaptataceae,g__Haladaptatus,s__Haladaptatus [species 0010],0,0,0,0,0,0,0,0,0
NZ_CP111040.1,606999,606.999,0.512037087,non-mobilizable,0,0,0.0,0,p__Halobacteriota,c__Halobacteria,o__Halobacteriales,f__Haladaptataceae,g__Haladaptatus,s__Haladaptatus [species 0010],0,0,0,0,0,0,0,0,0
NZ_CP111041.1,557465,557.465,0.528876252,non-mobilizable,0,0,0.0,0,p__Halobacteriota,c__Halobacteria,o__Halobacteriales,f__Haladaptataceae,g__Haladaptatus,s__Haladaptatus [species 0010],0,0,0,0,0,0,0,0,0
NZ_CP111042.1,389240,389.24,0.511242421,non-mobilizable,0,0,0.0,0,p__Halobacteriota,c__Halobacteria,o__Halobacteriales,f__Haladaptataceae,g__Haladaptatus,s__Haladaptatus [species 0010],0,0,0,0,0,0,0,0,0
NZ_CP119560.1,525049,525.049,0.618727014,non-mobilizable,0,0,0.0,0,p__Halobacteriota,c__Halobacteria,o__Halobacteriales,f__Haloarculaceae,g__,s__[Genus] [species 0002],0,0,0,0,0,0,0,0,0
NZ_CP119783.1,586205,586.205,0.604032719,non-mobilizable,2,1,-0.0,1,p__Halobacteriota,c__Halobacteria,o__Halobacteriales,f__,g__,s__[Genus] [species 0001],0,0,0,0,0,2,0,0,0
NZ_CP119784.1,268757,268.757,0.552212594,non-mobilizable,1,1,-0.0,1,p__Halobacteriota,c__Halobacteria,o__Halobacteriales,f__,g__,s__[Genus] [species 0001],0,0,0,0,0,1,0,0,0
NZ_CP119786.1,247600,247.6,0.645783522,non-mobilizable,0,0,0.0,0,p__Halobacteriota,c__Halobacteria,o__Halobacteriales,f__Haloarculaceae,g__Halomicroarcula,s__Halomicroarcula [species 0008],0,0,0,0,0,0,0,0,0
NZ_CP119788.1,129378,129.378,0.534279398,non-mobilizable,0,0,0.0,0,p__Halobacteriota,c__Halobacteria,o__Halobacteriales,f__Haloarculaceae,g__,s__[Genus] [species 0004],0,0,0,0,0,0,0,0,0
NZ_CP119790.1,335333,335.333,0.598238169,non-mobilizable,1,1,-0.0,1,p__Halobacteriota,c__Halobacteria,o__Halobacteriales,f__Haloarculaceae,g__,s__[Genus] [species 0006],0,0,0,0,0,1,0,0,0
NZ_CP119792.1,598243,598.243,0.601185471,non-mobilizable,3,1,-0.0,1,p__Halobacteriota,c__Halobacteria,o__Halobacteriales,f__,g__,s__[Genus] [species 0001],0,0,0,0,0,3,0,0,0
NZ_CP119797.1,916029,916.029,0.631567341,non-mobilizable,2,1,-0.0,1,p__Halobacteriota,c__Halobacteria,o__Halobacteriales,f__Natrialbaceae,g__KZCA124,s__KZCA124 sp017357405,0,0,0,0,0,2,0,0,0
NZ_CP119798.1,176392,176.392,0.575456937,non-mobilizable,0,0,0.0,0,p__Halobacteriota,c__Halobacteria,o__Halobacteriales,f__Natrialbaceae,g__KZCA124,s__KZCA124 sp017357405,0,0,0,0,0,0,0,0,0
NZ_CP119799.1,323102,323.102,0.585725251,non-mobilizable,0,0,0.0,0,p__Halobacteriota,c__Halobacteria,o__Halobacteriales,f__Natrialbaceae,g__KZCA124,s__KZCA124 sp017357405,0,0,0,0,0,0,0,0,0
NZ_CP119800.1,402143,402.143,0.638805102,non-mobilizable,0,0,0.0,0,p__Halobacteriota,c__Halobacteria,o__Halobacteriales,f__Natrialbaceae,g__KZCA124,s__KZCA124 sp017357405,0,0,0,0,0,0,0,0,0
NZ_CP119801.1,58880,58.88,0.588400136,non-mobilizable,0,0,0.0,0,p__Halobacteriota,c__Halobacteria,o__Halobacteriales,f__Natrialbaceae,g__KZCA124,s__KZCA124 sp017357405,0,0,0,0,0,0,0,0,0
NZ_CP119806.1,87025,87.025,0.544935363,non-mobilizable,1,1,-0.0,1,p__Halobacteriota,c__Halobacteria,o__Halobacteriales,f__Haladaptataceae,g__Halorussus,s__Halorussus [species 0012],0,0,0,0,0,0,0,1,0
NZ_CP119810.1,427347,427.347,0.657180231,non-mobilizable,1,1,-0.0,1,p__Halobacteriota,c__Halobacteria,o__Halobacteriales,f__Haladaptataceae,g__Halorussus,s__Halorussus [species 0014],0,0,0,0,0,0,0,1,0
NZ_CP119811.1,185391,185.391,0.618314805,non-mobilizable,0,0,0.0,0,p__Halobacteriota,c__Halobacteria,o__Halobacteriales,f__Haladaptataceae,g__Halorussus,s__Halorussus [species 0014],0,0,0,0,0,0,0,0,0
NZ_CP119812.1,150959,150.959,0.599156062,non-mobilizable,1,1,-0.0,1,p__Halobacteriota,c__Halobacteria,o__Halobacteriales,f__Haladaptataceae,g__Halorussus,s__Halorussus [species 0014],0,0,1,0,0,0,0,0,0
NZ_CP119813.1,145234,145.234,0.55907019,non-mobilizable,2,1,-0.0,1,p__Halobacteriota,c__Halobacteria,o__Halobacteriales,f__Haladaptataceae,g__Halorussus,s__Halorussus [species 0014],0,0,0,0,0,0,0,0,2
NZ_CP119990.1,250847,250.847,0.674446974,non-mobilizable,0,0,0.0,0,p__Halobacteriota,c__Halobacteria,o__Halobacteriales,f__Haloferacaceae,g__Halobaculum,s__Halobaculum [species 0019],0,0,0,0,0,0,0,0,0
NZ_CP119991.1,326684,326.684,0.647931946,non-mobilizable,0,0,0.0,0,p__Halobacteriota,c__Halobacteria,o__Halobacteriales,f__Haloferacaceae,g__Halobaculum,s__Halobaculum [species 0019],0,0,0,0,0,0,0,0,0
NZ_CP120471.1,334345,334.345,0.552441341,non-mobilizable,0,0,0.0,0,p__Halobacteriota,c__Halobacteria,o__Halobacteriales,f__,g__,s__[Genus] [species 0001],0,0,0,0,0,0,0,0,0
NZ_CP120472.1,620798,620.798,0.610385343,non-mobilizable,1,1,-0.0,1,p__Halobacteriota,c__Halobacteria,o__Halobacteriales,f__,g__,s__[Genus] [species 0001],0,0,0,0,0,1,0,0,0
NZ_CP126155.1,406565,406.565,0.71321191,non-mobilizable,0,0,0.0,0,p__Halobacteriota,c__Halobacteria,o__Halobacteriales,f__Haloferacaceae,g__Halobaculum,s__Halobaculum [species 0018],0,0,0,0,0,0,0,0,0
NZ_CP126159.1,463690,463.69,0.648864543,non-mobilizable,0,0,0.0,0,p__Halobacteriota,c__Halobacteria,o__Halobacteriales,f__Haloferacaceae,g__Halobaculum,s__Halobaculum [species 0021],0,0,0,0,0,0,0,0,0
NZ_CP126160.1,167061,167.061,0.578243875,non-mobilizable,3,3,1.0986122886681096,1,p__Halobacteriota,c__Halobacteria,o__Halobacteriales,f__Haloferacaceae,g__Halobaculum,s__Halobaculum [species 0021],1,0,0,0,0,1,0,1,0
NZ_CP126162.1,478761,478.761,0.652878994,non-mobilizable,0,0,0.0,0,p__Halobacteriota,c__Halobacteria,o__Halobacteriales,f__Haloarculaceae,g__,s__[Genus] [species 0003],0,0,0,0,0,0,0,0,0
NZ_CP126164.1,191399,191.399,0.560499271,non-mobilizable,4,3,1.0397207708399179,1,p__Halobacteriota,c__Halobacteria,o__Halobacteriales,f__Haloarculaceae,g__,s__[Genus] [species 0003],0,1,0,0,0,2,0,1,0
NZ_CP127175.1,190949,190.949,0.573886221,non-mobilizable,2,2,0.6931471805599453,1,p__Halobacteriota,c__Halobacteria,o__Halobacteriales,f__Natrialbaceae,g__,s__[Genus] [species 0013],0,0,1,0,0,1,0,0,0
NZ_CP127176.1,86341,86.341,0.547202372,non-mobilizable,2,2,0.6931471805599453,1,p__Halobacteriota,c__Halobacteria,o__Halobacteriales,f__Natrialbaceae,g__,s__[Genus] [species 0013],0,0,0,0,1,1,0,0,0
NZ_CP128378.1,286732,286.732,0.592368483,non-mobilizable,1,1,-0.0,1,p__Halobacteriota,c__Halobacteria,o__Halobacteriales,f__Halobacteriaceae,g__Halobacterium,s__Halobacterium salinarum,0,0,0,1,0,0,0,0,0
NZ_CP135523.1,286313,286.313,0.569394334,non-mobilizable,1,1,-0.0,1,p__Halobacteriota,c__Halobacteria,o__Halobacteriales,f__Natrialbaceae,g__KZCA124,s__KZCA124 sp017357405,0,0,0,0,0,0,0,0,1
NZ_CP135524.1,152840,152.84,0.536404083,non-mobilizable,2,1,-0.0,1,p__Halobacteriota,c__Halobacteria,o__Halobacteriales,f__Natrialbaceae,g__KZCA124,s__KZCA124 sp017357405,0,0,2,0,0,0,0,0,0
NZ_CP135525.1,102915,102.915,0.521012486,non-mobilizable,5,4,1.3321790402101223,1,p__Halobacteriota,c__Halobacteria,o__Halobacteriales,f__Natrialbaceae,g__KZCA124,s__KZCA124 sp017357405,1,0,0,0,0,2,0,2,0
NZ_CP135526.1,92150,92.15,0.537829626,non-mobilizable,0,0,0.0,0,p__Halobacteriota,c__Halobacteria,o__Halobacteriales,f__Natrialbaceae,g__KZCA124,s__KZCA124 sp017357405,0,0,0,0,0,0,0,0,0
NZ_JADPQC010000006.1,201004,201.004,0.637176375,non-mobilizable,1,1,-0.0,1,p__Halobacteriota,c__Halobacteria,o__Halobacteriales,f__Haloarculaceae,g__Halomicrobium,s__Halomicrobium sp009617995,0,0,0,0,0,1,0,0,0
NZ_JAKRVX010000010.1,83923,83.923,0.479225004,non-mobilizable,1,1,-0.0,1,p__Halobacteriota,c__Halobacteria,o__Halobacteriales,f__Haloferacaceae,g__Natronocalculus,s__Natronocalculus amylovorans,0,0,1,0,0,0,0,0,0
NZ_KJ619463.1,18285,18.285,0.629477714,non-mobilizable,0,0,0.0,0,p__Halobacteriota,c__Halobacteria,o__Halobacteriales,f__Haloferacaceae,g__Halorubrum,s__Halorubrum distributum,0,0,0,0,0,0,0,0,0
NZ_KR189025.1,2520,2.52,0.686111111,non-mobilizable,0,0,0.0,0,p__Halobacteriota,c__Halobacteria,o__Halobacteriales,f__Haloferacaceae,g__Haloferax,s__Haloferax sp001482285,0,0,0,0,0,0,0,0,0
NZ_KX687704.1,50329,50.329,0.589203044,non-mobilizable,0,0,0.0,0,p__Halobacteriota,c__Halobacteria,o__Halobacteriales,f__Haloferacaceae,g__Halorubrum,s__Halorubrum lacusprofundi,0,0,0,0,0,0,0,0,0
NZ_KX906370.1,163229,163.229,0.585224349,non-mobilizable,1,1,-0.0,1,p__Halobacteriota,c__Halobacteria,o__Halobacteriales,f__Haloferacaceae,g__Halorubrum,s__Halorubrum lacusprofundi,0,0,0,0,0,0,0,1,0
NZ_LN831303.1,349522,349.522,0.599530216,non-mobilizable,3,3,1.0986122886681096,1,p__Halobacteriota,c__Halobacteria,o__Halobacteriales,f__Halobacteriaceae,g__Halobacterium,s__Halobacterium hubeiense,0,0,1,0,0,2,0,0,0
NZ_LN831304.1,157757,157.757,0.592563246,non-mobilizable,1,1,-0.0,1,p__Halobacteriota,c__Halobacteria,o__Halobacteriales,f__Halobacteriaceae,g__Halobacterium,s__Halobacterium hubeiense,0,0,0,0,0,1,0,0,0
NZ_LN831305.1,112459,112.459,0.565059266,non-mobilizable,1,1,-0.0,1,p__Halobacteriota,c__Halobacteria,o__Halobacteriales,f__Halobacteriaceae,g__Halobacterium,s__Halobacterium hubeiense,0,0,0,0,0,1,0,0,0
NZ_LR792633.1,5142,5.142,0.29268767,non-mobilizable,0,0,0.0,0,p__Methanobacteriota,c__Methanococci,o__Methanococcales,f__Methanocaldococcaceae,g__Methanocaldococcus,s__Methanocaldococcus sp902827205,0,0,0,0,0,0,0,0,0
NZ_LT984489.1,7045,7.045,0.505464869,non-mobilizable,0,0,0.0,0,p__Halobacteriota,c__Halobacteria,o__Halobacteriales,f__Haloferacaceae,g__Haloquadratum,s__Haloquadratum walsbyi,0,0,0,0,0,0,0,0,0
NZ_LT984491.1,6213,6.213,0.529856752,non-mobilizable,0,0,0.0,0,p__Halobacteriota,c__Halobacteria,o__Halobacteriales,f__Haloferacaceae,g__Haloquadratum,s__Haloquadratum walsbyi,0,0,0,0,0,0,0,0,0
NZ_MJCD01000017.1,48271,48.271,0.614406165,non-mobilizable,0,0,0.0,0,p__Halobacteriota,c__Halobacteria,o__Halobacteriales,f__Haloferacaceae,g__Halorubrum,s__Halorubrum lacusprofundi,0,0,0,0,0,0,0,0,0
NZ_MJCD01000019.1,38451,38.451,0.61813737,non-mobilizable,0,0,0.0,0,p__Halobacteriota,c__Halobacteria,o__Halobacteriales,f__Haloferacaceae,g__Halorubrum,s__Halorubrum lacusprofundi,0,0,0,0,0,0,0,0,0
NZ_MJCD01000020.1,35710,35.71,0.58641837,non-mobilizable,0,0,0.0,0,p__Halobacteriota,c__Halobacteria,o__Halobacteriales,f__Haloferacaceae,g__Halorubrum,s__Halorubrum lacusprofundi,0,0,0,0,0,0,0,0,0
NZ_MJCD01000028.1,16493,16.493,0.508518766,non-mobilizable,1,1,-0.0,1,p__Halobacteriota,c__Halobacteria,o__Halobacteriales,f__Haloferacaceae,g__Halorubrum,s__Halorubrum lacusprofundi,0,0,0,0,0,0,0,1,0
NZ_MJCD01000041.1,7295,7.295,0.477998629,non-mobilizable,0,0,0.0,0,p__Halobacteriota,c__Halobacteria,o__Halobacteriales,f__Haloferacaceae,g__Halorubrum,s__Halorubrum lacusprofundi,0,0,0,0,0,0,0,0,0
NZ_MJCD01000052.1,2955,2.955,0.500169205,non-mobilizable,0,0,0.0,0,p__Halobacteriota,c__Halobacteria,o__Halobacteriales,f__Haloferacaceae,g__Halorubrum,s__Halorubrum lacusprofundi,0,0,0,0,0,0,0,0,0
NZ_MN477947.1,23976,23.976,0.403623007,non-mobilizable,0,0,0.0,0,p__Methanobacteriota_B,c__Thermococci,o__Thermococcales,f__Thermococcaceae,g__Pyrococcus,s__Pyrococcus abyssi,0,0,0,0,0,0,0,0,0
NZ_MN918441.1,154196,154.196,0.580040987,non-mobilizable,1,1,-0.0,1,p__Halobacteriota,c__Halobacteria,o__Halobacteriales,f__Haloferacaceae,g__Haloprofundus,s__Haloprofundus halophilus,0,0,0,0,0,1,0,0,0
NZ_MN918442.1,182942,182.942,0.559363077,non-mobilizable,1,1,-0.0,1,p__Halobacteriota,c__Halobacteria,o__Halobacteriales,f__Haloferacaceae,g__Haloprofundus,s__Haloprofundus halophilus,0,0,0,0,0,1,0,0,0
NZ_MN918443.1,265979,265.979,0.63770824,non-mobilizable,1,1,-0.0,1,p__Halobacteriota,c__Halobacteria,o__Halobacteriales,f__Haloferacaceae,g__Haloprofundus,s__Haloprofundus halophilus,0,0,0,0,0,1,0,0,0
NZ_MN918444.1,51955,51.955,0.618900972,non-mobilizable,0,0,0.0,0,p__Halobacteriota,c__Halobacteria,o__Halobacteriales,f__Haloferacaceae,g__Haloprofundus,s__Haloprofundus halophilus,0,0,0,0,0,0,0,0,0
NZ_OX281346.1,103230,103.23,0.459721011,non-mobilizable,1,1,-0.0,1,p__Methanobacteriota_B,c__Thermococci,o__Thermococcales,f__Thermococcaceae,g__Thermococcus,s__Thermococcus nautili,0,0,1,0,0,0,0,0,0
NZ_QJOW01000005.1,168359,168.359,0.58539787,non-mobilizable,4,3,1.0397207708399179,1,p__Halobacteriota,c__Halobacteria,o__Halobacteriales,f__Haloarculaceae,g__Halosegnis,s__Halosegnis rubeus,1,0,0,0,0,1,0,2,0
NZ_QJOW01000006.1,127365,127.365,0.570651278,non-mobilizable,2,2,0.6931471805599453,1,p__Halobacteriota,c__Halobacteria,o__Halobacteriales,f__Haloarculaceae,g__Halosegnis,s__Halosegnis rubeus,0,0,0,0,0,1,0,1,0
NZ_QKNW01000002.1,181532,181.532,0.575788291,non-mobilizable,3,3,1.0986122886681096,1,p__Halobacteriota,c__Halobacteria,o__Halobacteriales,f__Haloarculaceae,g__Halosegnis,s__Halosegnis longus,0,0,0,0,0,2,0,1,0
NZ_QKNW01000003.1,135622,135.622,0.581100411,non-mobilizable,0,0,0.0,0,p__Halobacteriota,c__Halobacteria,o__Halobacteriales,f__Haloarculaceae,g__Halosegnis,s__Halosegnis longus,0,0,0,0,0,0,0,0,0
U95377.1,2128,2.128,0.667293233,non-mobilizable,0,0,0.0,0,p__Halobacteriota,c__Halobacteria,o__Halobacteriales,f__Haloferacaceae,g__Haloferax,s__Haloferax volcanii,0,0,0,0,0,0,0,0,0
